ia,gestion,investigacion,programacion,matematicas,redes,seguridad,comunicacion,liderazgo,analisis_datos,maestria
53,100,49,38,58,37,28,62,78,55,Gestion de Proyectos
68,40,53,100,89,58,67,69,63,79,Desarrollo Software
58,32,66,97,90,61,69,69,50,80,Desarrollo Software
65,44,67,72,91,38,32,51,56,87,Data Science
34,86,41,47,50,25,38,94,86,68,Marketing Digital
47,93,67,53,56,48,43,66,92,71,Gestion de Proyectos
53,38,51,97,66,45,54,49,63,50,Desarrollo Software
37,89,62,45,79,22,21,64,88,61,Gestion de Proyectos
60,90,64,38,86,40,36,50,59,77,Finanzas
33,93,64,34,76,35,24,77,81,76,Gestion de Proyectos
32,51,31,70,79,99,61,65,46,63,Redes y Telecomunicaciones
36,69,53,55,92,13,11,63,59,76,Finanzas
30,90,58,37,53,21,21,94,85,73,MBA
74,47,91,71,74,38,36,65,44,82,Investigacion Tecnologica
79,65,100,75,94,26,31,73,65,60,Investigacion Tecnologica
33,31,42,53,68,98,89,39,70,37,Redes y Telecomunicaciones
63,51,80,84,89,43,50,48,53,96,Data Science
27,99,58,67,61,35,34,84,77,51,Gestion de Proyectos
60,45,95,52,95,25,25,77,42,70,Investigacion Tecnologica
71,57,95,53,95,25,47,80,54,79,Investigacion Tecnologica
54,88,34,59,69,13,26,88,74,68,Marketing Digital
51,50,60,88,60,59,49,53,56,71,Desarrollo Software
34,98,64,38,43,24,33,66,87,61,Gestion de Proyectos
77,58,52,86,96,39,37,30,48,89,Data Science
53,45,44,90,76,50,42,49,57,66,Desarrollo Software
53,62,57,60,86,36,37,77,74,94,Finanzas
49,42,100,42,89,34,23,65,40,60,Investigacion Tecnologica
25,95,43,47,58,37,35,81,91,66,MBA
45,55,56,81,66,91,91,53,57,60,Ciberseguridad
23,93,53,15,77,40,17,97,85,51,MBA
56,85,41,32,48,32,39,86,77,67,Marketing Digital
43,47,31,40,61,87,66,57,49,52,Redes y Telecomunicaciones
69,37,51,82,98,38,28,62,60,93,Data Science
44,95,57,48,54,32,43,89,76,51,Gestion de Proyectos
66,66,63,70,98,35,30,66,41,93,Data Science
61,39,58,99,72,30,45,44,67,50,Desarrollo Software
65,44,35,92,68,57,52,68,66,61,Desarrollo Software
43,84,60,48,79,49,26,61,91,71,Gestion de Proyectos
69,40,57,90,88,69,30,42,62,58,Desarrollo Software
98,48,55,99,84,50,35,47,46,94,Inteligencia Artificial
56,99,41,38,49,24,45,64,75,55,Gestion de Proyectos
26,75,66,31,94,23,13,79,70,78,Finanzas
80,66,57,72,90,34,29,49,54,93,Data Science
61,42,31,78,68,92,99,37,44,44,Ciberseguridad
31,33,38,63,56,81,87,30,48,41,Ciberseguridad
24,79,42,39,50,17,29,92,79,64,Marketing Digital
55,33,69,88,77,52,62,65,41,53,Desarrollo Software
14,97,30,45,53,39,31,82,93,71,MBA
74,57,64,99,84,36,62,58,55,61,Desarrollo Software
78,47,56,93,82,30,39,46,63,73,Desarrollo Software
58,59,99,45,76,26,29,51,52,62,Investigacion Tecnologica
58,48,53,64,42,89,72,35,52,52,Redes y Telecomunicaciones
48,94,61,31,63,28,44,62,81,52,Gestion de Proyectos
16,92,44,28,49,23,14,89,98,43,MBA
57,58,47,73,43,88,65,55,57,56,Redes y Telecomunicaciones
42,31,52,64,49,86,85,57,49,44,Redes y Telecomunicaciones
87,27,58,89,85,53,53,66,56,95,Inteligencia Artificial
45,90,42,33,78,36,15,80,85,65,MBA
69,46,54,78,100,27,22,30,42,95,Data Science
36,81,56,40,42,29,19,88,72,64,Marketing Digital
91,36,52,82,90,60,46,60,30,90,Inteligencia Artificial
25,82,61,45,97,19,14,64,65,92,Finanzas
78,44,75,80,91,40,40,41,53,86,Data Science
59,88,69,40,91,17,19,67,80,75,Finanzas
46,53,47,40,58,96,60,31,67,36,Redes y Telecomunicaciones
96,45,57,93,95,27,47,48,42,82,Inteligencia Artificial
41,42,100,73,81,45,37,79,63,62,Investigacion Tecnologica
40,94,33,25,48,17,23,84,96,74,MBA
44,60,49,40,55,91,77,38,47,65,Redes y Telecomunicaciones
56,61,48,58,91,12,21,65,75,90,Finanzas
94,29,58,89,76,39,58,40,47,97,Inteligencia Artificial
23,85,54,20,96,28,28,80,69,85,Finanzas
40,35,60,68,41,94,81,44,45,44,Redes y Telecomunicaciones
58,85,63,45,36,36,16,90,84,56,Marketing Digital
94,26,78,100,78,36,50,35,36,82,Inteligencia Artificial
93,42,50,87,100,53,57,62,60,91,Inteligencia Artificial
40,80,55,44,46,35,43,84,76,51,Gestion de Proyectos
38,97,48,41,47,30,28,83,81,55,Gestion de Proyectos
56,63,96,54,74,38,36,58,41,78,Investigacion Tecnologica
55,51,32,89,66,55,61,55,45,56,Desarrollo Software
44,90,66,62,54,28,22,73,81,55,Gestion de Proyectos
28,32,31,66,68,92,61,54,69,60,Redes y Telecomunicaciones
36,64,53,46,95,32,21,80,75,83,Finanzas
44,61,49,35,91,10,40,58,66,91,Finanzas
50,89,56,57,60,34,14,98,77,78,Marketing Digital
73,35,59,85,79,41,32,56,40,67,Desarrollo Software
100,54,72,96,77,29,59,65,45,84,Inteligencia Artificial
37,88,63,48,85,31,40,53,56,80,Finanzas
36,94,57,50,46,31,13,76,94,49,MBA
61,62,93,58,83,41,49,74,59,70,Investigacion Tecnologica
54,85,53,46,96,31,15,74,79,90,Finanzas
66,33,56,94,98,49,43,65,39,87,Data Science
70,55,36,84,41,89,87,56,30,64,Ciberseguridad
89,52,71,96,75,43,63,66,53,82,Inteligencia Artificial
75,38,35,86,72,42,60,64,54,56,Desarrollo Software
52,44,51,58,69,79,100,52,52,70,Ciberseguridad
65,49,78,86,81,32,49,62,30,99,Data Science
70,35,32,89,86,45,67,49,44,66,Desarrollo Software
28,31,31,40,52,91,60,40,70,52,Redes y Telecomunicaciones
66,43,91,77,84,39,42,53,43,69,Investigacion Tecnologica
60,70,61,28,98,37,38,56,53,86,Finanzas
30,53,60,42,68,100,87,55,49,32,Redes y Telecomunicaciones
53,68,66,44,89,29,28,74,71,95,Finanzas
25,85,50,53,86,18,34,60,79,88,Finanzas
20,86,57,46,44,16,31,100,89,53,Marketing Digital
75,56,70,94,88,23,21,49,48,94,Data Science
47,94,60,57,52,22,39,89,81,80,Gestion de Proyectos
42,94,36,31,75,23,32,79,90,58,MBA
17,95,55,32,71,36,31,77,87,48,MBA
32,90,55,61,47,24,41,87,85,62,Gestion de Proyectos
54,84,31,42,38,40,23,98,89,78,Marketing Digital
71,42,56,96,73,33,37,61,60,55,Desarrollo Software
95,50,67,96,88,55,36,34,50,87,Inteligencia Artificial
36,45,58,57,63,85,61,50,50,64,Redes y Telecomunicaciones
33,83,42,68,67,45,40,64,75,73,Gestion de Proyectos
72,62,64,94,81,33,22,69,38,89,Data Science
55,92,42,33,77,29,45,75,89,75,Gestion de Proyectos
56,57,54,50,40,83,92,53,54,49,Ciberseguridad
60,69,67,59,99,24,22,78,72,93,Finanzas
41,67,94,60,85,38,39,64,64,82,Investigacion Tecnologica
33,95,58,18,44,22,17,80,99,50,MBA
47,52,45,64,65,78,94,57,46,42,Ciberseguridad
90,53,50,91,93,30,48,55,59,86,Inteligencia Artificial
50,81,55,58,37,16,34,90,74,74,Marketing Digital
43,90,70,40,64,30,20,84,91,80,Gestion de Proyectos
63,30,66,97,83,63,60,70,60,56,Desarrollo Software
58,86,48,24,97,17,10,75,61,77,Finanzas
57,59,100,78,94,41,38,61,57,90,Investigacion Tecnologica
52,52,63,95,72,36,50,48,66,59,Desarrollo Software
22,67,42,34,88,19,40,62,54,92,Finanzas
57,53,56,68,51,100,88,37,52,47,Ciberseguridad
90,56,69,87,89,40,23,50,43,89,Data Science
58,85,40,31,41,38,44,65,91,80,Gestion de Proyectos
59,57,35,69,58,83,96,59,55,67,Ciberseguridad
74,41,36,96,82,45,39,59,70,69,Desarrollo Software
67,53,64,91,86,53,54,49,40,74,Desarrollo Software
33,85,50,38,72,35,33,91,98,52,MBA
33,71,51,60,58,28,28,92,72,52,Marketing Digital
34,100,39,33,50,12,28,97,85,69,MBA
54,83,46,44,65,29,41,67,89,65,Gestion de Proyectos
86,41,80,87,76,51,69,59,49,93,Inteligencia Artificial
48,90,39,49,35,25,35,93,77,79,Marketing Digital
57,50,39,68,76,99,76,31,52,58,Redes y Telecomunicaciones
26,56,41,48,78,97,63,32,58,55,Redes y Telecomunicaciones
56,49,48,81,68,90,94,45,54,55,Ciberseguridad
61,45,66,98,65,53,61,69,47,64,Desarrollo Software
36,94,69,69,56,34,43,81,89,60,Gestion de Proyectos
55,72,48,55,55,26,12,93,74,50,Marketing Digital
43,98,45,32,40,20,30,99,94,65,MBA
25,75,56,51,32,31,19,87,90,74,Marketing Digital
59,91,53,51,66,50,33,65,77,76,Gestion de Proyectos
14,98,42,41,45,34,39,90,89,75,MBA
38,44,41,66,65,87,90,54,56,58,Ciberseguridad
76,53,100,45,94,30,24,79,69,77,Investigacion Tecnologica
54,41,33,74,48,98,85,32,39,62,Ciberseguridad
32,46,48,55,65,90,78,63,45,70,Redes y Telecomunicaciones
75,47,33,91,76,55,61,54,58,73,Desarrollo Software
29,78,68,32,96,20,22,56,69,81,Finanzas
38,88,68,43,62,47,25,67,92,67,Gestion de Proyectos
66,38,76,84,84,33,22,57,46,89,Data Science
55,43,60,60,42,89,63,36,65,57,Redes y Telecomunicaciones
46,55,44,71,57,97,93,53,59,43,Ciberseguridad
41,51,98,45,80,50,43,51,61,77,Investigacion Tecnologica
23,94,47,44,44,34,10,78,92,49,MBA
95,35,65,100,87,30,62,45,47,81,Inteligencia Artificial
40,100,46,22,62,40,13,83,94,79,MBA
24,90,65,43,51,45,23,65,94,65,Gestion de Proyectos
36,53,54,54,64,95,85,49,57,69,Ciberseguridad
37,56,52,46,40,98,61,68,67,42,Redes y Telecomunicaciones
58,56,49,86,86,50,43,52,42,50,Desarrollo Software
31,98,51,27,80,25,32,75,87,54,MBA
80,35,70,90,92,24,25,31,57,98,Data Science
30,85,51,44,96,40,14,75,73,89,Finanzas
60,50,95,66,95,29,28,71,45,60,Investigacion Tecnologica
45,54,38,58,66,97,79,60,49,62,Redes y Telecomunicaciones
87,67,51,75,83,20,21,69,36,88,Data Science
38,44,31,82,80,87,89,48,49,68,Ciberseguridad
20,50,50,53,48,98,74,55,56,37,Redes y Telecomunicaciones
50,100,51,68,40,39,42,73,79,68,Gestion de Proyectos
46,39,59,73,48,94,99,47,47,58,Ciberseguridad
85,31,70,80,98,20,69,67,38,87,Inteligencia Artificial
47,58,56,64,62,88,76,59,69,49,Redes y Telecomunicaciones
44,86,34,43,70,22,40,78,99,76,MBA
56,45,35,85,84,62,54,53,56,71,Desarrollo Software
63,55,93,78,87,41,43,71,41,72,Investigacion Tecnologica
72,39,62,87,74,44,67,45,41,51,Desarrollo Software
50,34,30,42,68,94,77,30,62,35,Redes y Telecomunicaciones
54,86,65,58,89,25,29,76,65,90,Finanzas
80,42,98,76,74,36,49,57,43,79,Investigacion Tecnologica
67,64,99,44,71,37,20,67,45,63,Investigacion Tecnologica
28,97,50,49,62,38,18,99,92,49,MBA
32,61,59,59,91,11,19,61,71,94,Finanzas
66,62,94,62,71,49,36,58,67,82,Investigacion Tecnologica
59,56,57,64,57,86,62,52,49,66,Redes y Telecomunicaciones
100,54,51,95,93,41,31,54,65,91,Inteligencia Artificial
38,39,45,79,63,97,81,34,57,45,Redes y Telecomunicaciones
68,31,56,63,73,94,97,57,45,42,Ciberseguridad
23,76,49,36,85,31,25,55,68,92,Finanzas
36,81,41,37,74,47,24,87,93,67,Gestion de Proyectos
45,32,52,61,44,99,77,61,65,52,Redes y Telecomunicaciones
77,40,56,90,86,40,39,37,51,94,Data Science
80,40,79,80,87,28,33,69,52,88,Data Science
87,58,71,98,88,44,59,36,38,85,Inteligencia Artificial
62,60,43,98,70,65,62,42,46,72,Desarrollo Software
57,40,55,83,49,76,86,53,35,51,Ciberseguridad
59,55,46,84,57,77,90,32,32,40,Ciberseguridad
89,34,77,82,77,28,33,56,51,90,Inteligencia Artificial
100,31,62,86,82,32,42,38,53,84,Inteligencia Artificial
52,55,31,48,55,98,64,66,58,35,Redes y Telecomunicaciones
64,64,63,70,84,26,50,66,31,90,Data Science
58,81,53,30,49,50,27,69,85,73,Gestion de Proyectos
45,96,35,50,62,10,19,96,100,53,MBA
54,59,51,85,77,43,49,47,50,52,Desarrollo Software
75,62,95,69,71,36,49,74,52,62,Investigacion Tecnologica
38,55,49,59,43,91,96,58,30,54,Ciberseguridad
73,66,54,77,100,32,48,45,30,90,Data Science
42,73,50,55,85,32,26,53,76,79,Finanzas
56,71,51,51,34,39,40,90,79,59,Marketing Digital
27,100,46,28,61,37,33,82,94,73,MBA
51,47,97,61,84,49,38,72,56,73,Investigacion Tecnologica
47,45,90,62,76,30,34,75,64,65,Investigacion Tecnologica
52,77,60,45,100,28,30,64,71,75,Finanzas
33,86,53,39,88,21,40,77,79,91,Finanzas
26,76,36,53,49,26,22,94,79,68,Marketing Digital
42,79,66,46,87,18,19,63,52,76,Finanzas
68,37,66,83,80,29,36,46,51,100,Data Science
35,37,35,59,75,79,97,35,40,68,Ciberseguridad
56,82,59,50,66,46,48,68,79,71,Gestion de Proyectos
11,86,54,22,68,12,29,92,93,78,MBA
47,60,40,75,51,87,72,37,58,44,Redes y Telecomunicaciones
47,45,32,51,67,95,85,32,50,38,Redes y Telecomunicaciones
69,43,76,84,89,35,38,32,30,88,Data Science
47,60,52,56,66,92,74,40,69,61,Redes y Telecomunicaciones
61,48,70,81,96,46,50,69,38,94,Data Science
59,30,48,85,76,93,99,53,51,49,Ciberseguridad
46,57,59,44,57,88,80,67,43,60,Redes y Telecomunicaciones
25,97,56,37,65,45,50,69,81,60,Gestion de Proyectos
32,71,51,32,33,26,32,93,82,64,Marketing Digital
98,57,73,84,77,35,58,55,69,90,Inteligencia Artificial
44,42,43,65,70,96,68,32,42,38,Redes y Telecomunicaciones
39,82,65,54,51,34,31,86,93,64,Gestion de Proyectos
32,98,51,34,69,17,40,88,96,44,MBA
73,37,38,94,83,55,49,49,40,59,Desarrollo Software
28,46,53,46,60,93,77,35,57,44,Redes y Telecomunicaciones
24,84,56,46,44,30,11,90,88,52,Marketing Digital
99,59,50,86,100,27,50,30,40,84,Inteligencia Artificial
65,39,68,95,84,57,59,62,64,50,Desarrollo Software
33,82,41,55,75,34,49,77,85,57,Gestion de Proyectos
96,25,61,83,100,35,69,48,68,81,Inteligencia Artificial
46,35,38,74,77,88,78,57,49,37,Redes y Telecomunicaciones
20,89,64,39,61,31,28,92,89,52,Marketing Digital
46,37,31,43,43,94,71,46,31,59,Redes y Telecomunicaciones
62,36,45,78,47,92,89,39,59,68,Ciberseguridad
40,99,52,35,54,25,30,81,78,60,Gestion de Proyectos
25,93,49,45,64,43,45,76,95,79,Gestion de Proyectos
47,44,33,61,68,97,93,37,52,51,Ciberseguridad
60,60,94,79,90,27,30,60,65,69,Investigacion Tecnologica
88,49,67,99,90,37,65,47,39,96,Inteligencia Artificial
27,89,43,35,47,18,29,77,86,41,MBA
32,81,37,39,50,17,24,99,79,68,Marketing Digital
55,60,50,62,45,86,79,39,33,33,Redes y Telecomunicaciones
77,36,69,96,79,31,54,48,51,74,Desarrollo Software
60,52,64,94,81,45,47,42,47,92,Data Science
53,86,44,57,41,35,42,61,87,69,Gestion de Proyectos
45,46,48,75,61,92,89,38,60,53,Ciberseguridad
38,89,53,39,64,34,34,98,79,77,Marketing Digital
99,52,78,81,75,59,55,43,61,92,Inteligencia Artificial
75,57,93,64,95,31,31,58,52,62,Investigacion Tecnologica
33,86,54,65,72,32,41,62,85,77,Gestion de Proyectos
34,74,61,28,100,11,26,79,71,77,Finanzas
29,31,40,54,78,97,83,66,56,36,Redes y Telecomunicaciones
25,59,45,53,62,88,76,30,45,65,Redes y Telecomunicaciones
25,84,62,45,69,44,36,63,88,56,Gestion de Proyectos
36,76,64,52,96,25,18,74,80,84,Finanzas
87,51,63,82,92,22,59,47,64,92,Inteligencia Artificial
57,69,99,68,72,46,47,53,53,63,Investigacion Tecnologica
65,43,63,91,81,36,49,65,67,71,Desarrollo Software
85,43,50,81,95,44,28,40,47,89,Data Science
78,50,38,95,63,56,48,50,46,51,Desarrollo Software
51,49,47,63,73,88,88,38,36,69,Ciberseguridad
48,68,58,40,99,11,29,64,56,94,Finanzas
51,51,31,61,53,77,86,59,30,50,Ciberseguridad
31,68,52,41,94,26,37,63,52,95,Finanzas
45,70,63,21,62,38,23,89,72,63,Marketing Digital
88,41,54,90,99,50,39,69,45,86,Inteligencia Artificial
36,81,62,67,70,45,36,71,91,76,Gestion de Proyectos
29,87,49,36,46,28,38,81,75,59,Gestion de Proyectos
60,42,63,95,79,40,60,52,69,50,Desarrollo Software
59,43,96,77,78,23,29,60,65,67,Investigacion Tecnologica
44,90,57,40,61,43,22,82,92,57,Gestion de Proyectos
48,39,45,54,63,97,93,52,41,61,Ciberseguridad
65,37,32,53,69,96,99,60,33,51,Ciberseguridad
62,53,53,54,53,98,96,47,34,66,Ciberseguridad
28,81,52,54,89,18,26,56,62,76,Finanzas
80,38,48,85,71,42,50,47,47,75,Desarrollo Software
64,57,30,63,58,92,99,50,38,65,Ciberseguridad
78,50,98,60,79,24,48,67,66,73,Investigacion Tecnologica
33,86,56,63,48,49,35,88,80,59,Gestion de Proyectos
36,95,46,41,65,30,40,100,96,43,MBA
71,51,91,77,77,21,38,60,50,78,Investigacion Tecnologica
79,44,70,82,89,37,39,32,49,97,Data Science
29,96,40,48,45,45,23,81,93,72,Gestion de Proyectos
77,30,65,94,89,41,39,49,58,85,Data Science
66,39,52,94,66,39,60,66,40,65,Desarrollo Software
48,91,69,50,71,47,44,74,76,50,Gestion de Proyectos
45,81,65,42,42,34,16,95,72,53,Marketing Digital
58,52,37,99,75,68,44,69,58,78,Desarrollo Software
19,90,32,50,43,27,18,95,98,60,MBA
55,60,45,73,58,100,89,34,57,70,Ciberseguridad
21,81,41,57,65,45,22,81,80,66,Gestion de Proyectos
43,84,67,29,57,20,28,94,70,69,Marketing Digital
35,32,57,77,59,100,67,50,34,53,Redes y Telecomunicaciones
41,45,95,77,74,20,31,63,61,81,Investigacion Tecnologica
80,55,43,94,86,62,30,62,61,59,Desarrollo Software
56,42,56,48,46,92,81,39,40,52,Redes y Telecomunicaciones
58,39,35,85,86,39,36,47,62,50,Desarrollo Software
34,94,46,36,67,19,12,94,86,50,MBA
95,41,73,99,77,42,58,68,63,88,Inteligencia Artificial
40,77,62,38,33,31,27,93,88,71,Marketing Digital
49,64,57,56,86,29,30,63,50,83,Finanzas
22,89,31,60,47,29,14,97,78,60,Marketing Digital
79,59,99,74,78,32,26,54,43,79,Investigacion Tecnologica
32,94,46,41,50,23,38,78,85,56,MBA
52,54,31,68,80,98,90,59,36,51,Ciberseguridad
90,69,51,89,85,44,39,56,53,89,Data Science
100,37,73,90,85,20,62,47,56,94,Inteligencia Artificial
36,94,45,60,47,21,32,71,81,56,Gestion de Proyectos
94,21,67,95,89,21,35,38,68,97,Inteligencia Artificial
48,45,43,73,75,80,89,41,31,54,Ciberseguridad
55,61,64,44,92,11,10,60,64,89,Finanzas
74,50,59,95,60,56,49,58,68,61,Desarrollo Software
90,33,55,72,95,27,23,52,34,98,Data Science
92,36,53,83,83,56,33,70,54,96,Inteligencia Artificial
87,46,53,95,83,37,51,38,56,92,Inteligencia Artificial
11,87,38,23,48,12,18,97,94,78,MBA
61,40,69,73,82,46,47,60,46,96,Data Science
73,49,80,78,98,38,50,48,32,89,Data Science
24,93,51,26,47,39,36,88,96,73,MBA
49,56,95,74,77,39,21,63,48,76,Investigacion Tecnologica
55,45,96,49,72,32,50,54,62,71,Investigacion Tecnologica
64,42,61,75,87,26,26,65,55,99,Data Science
53,73,69,56,94,29,20,61,51,85,Finanzas
59,68,94,77,89,28,29,52,45,63,Investigacion Tecnologica
73,59,99,53,87,41,44,62,47,84,Investigacion Tecnologica
43,99,33,15,63,35,25,75,87,68,MBA
44,86,55,36,49,38,28,66,89,63,Gestion de Proyectos
54,99,48,34,43,30,35,72,80,57,Gestion de Proyectos
50,93,59,19,57,35,30,78,89,45,MBA
56,100,58,34,60,42,23,72,88,68,Gestion de Proyectos
35,37,42,66,80,85,89,43,58,48,Ciberseguridad
44,56,91,50,84,23,24,71,45,74,Investigacion Tecnologica
32,53,37,51,80,96,75,30,30,61,Redes y Telecomunicaciones
51,34,33,68,57,92,92,34,51,50,Ciberseguridad
43,31,44,75,67,85,90,39,48,59,Redes y Telecomunicaciones
45,55,99,42,86,39,25,79,41,80,Investigacion Tecnologica
24,78,42,51,88,13,12,74,58,92,Finanzas
32,83,60,34,99,23,25,72,71,91,Finanzas
54,81,69,34,34,20,37,96,87,64,Marketing Digital
69,43,32,96,76,50,30,52,66,74,Desarrollo Software
44,66,42,41,87,17,29,58,73,95,Finanzas
40,49,91,57,70,28,28,62,65,71,Investigacion Tecnologica
68,60,80,89,93,25,24,38,44,100,Data Science
90,50,61,87,90,41,64,36,50,90,Inteligencia Artificial
52,75,59,57,98,15,39,62,71,91,Finanzas
51,35,39,53,42,100,89,38,50,33,Redes y Telecomunicaciones
32,80,43,49,92,24,18,77,55,80,Finanzas
72,36,71,72,83,47,39,47,32,93,Data Science
28,87,45,44,90,37,30,71,52,95,Finanzas
92,34,80,98,75,45,55,65,61,84,Inteligencia Artificial
59,61,54,20,95,10,27,63,59,79,Finanzas
38,78,52,59,58,40,29,89,72,54,Marketing Digital
90,45,54,87,81,50,34,62,52,81,Inteligencia Artificial
60,47,62,86,75,56,70,55,67,77,Desarrollo Software
34,51,32,81,49,100,87,35,45,67,Ciberseguridad
24,94,51,39,41,36,14,81,91,63,MBA
39,93,47,32,73,23,49,79,95,79,Gestion de Proyectos
39,93,44,44,71,11,37,80,90,71,MBA
49,34,50,85,52,94,92,55,60,65,Ciberseguridad
61,43,69,90,95,50,47,56,43,87,Data Science
61,46,93,68,74,27,39,76,61,81,Investigacion Tecnologica
79,31,69,97,63,63,35,49,69,55,Desarrollo Software
57,52,54,64,45,91,74,63,41,56,Redes y Telecomunicaciones
26,82,65,51,57,24,26,96,71,75,Marketing Digital
39,39,37,73,57,80,97,54,35,43,Ciberseguridad
60,64,75,85,91,25,27,31,58,97,Data Science
39,76,36,37,59,24,32,94,74,66,Marketing Digital
70,69,100,77,71,20,31,63,70,90,Investigacion Tecnologica
39,97,52,38,73,11,14,83,93,44,MBA
49,87,36,28,33,14,14,98,89,70,Marketing Digital
60,44,55,60,67,85,67,38,30,38,Redes y Telecomunicaciones
56,32,56,99,81,68,50,46,41,73,Desarrollo Software
17,89,42,42,48,11,24,84,89,79,MBA
51,66,50,20,87,18,11,76,75,78,Finanzas
51,84,36,20,56,30,16,86,78,75,Marketing Digital
16,90,53,17,43,40,23,96,86,64,MBA
90,39,53,83,79,35,35,59,58,100,Inteligencia Artificial
45,35,30,76,52,87,91,47,32,65,Ciberseguridad
49,30,53,51,57,98,78,37,51,35,Redes y Telecomunicaciones
61,52,53,98,90,35,63,56,63,51,Desarrollo Software
36,57,42,64,80,92,84,62,53,30,Redes y Telecomunicaciones
23,95,37,41,58,21,23,94,87,49,MBA
53,51,45,68,57,83,98,44,59,59,Ciberseguridad
64,41,69,86,87,41,39,45,54,85,Data Science
51,73,40,53,46,14,36,91,74,74,Marketing Digital
69,67,92,69,79,38,41,55,57,61,Investigacion Tecnologica
61,31,36,50,60,96,93,52,44,43,Ciberseguridad
91,28,77,83,76,39,67,45,70,92,Inteligencia Artificial
41,42,92,62,82,40,43,80,65,87,Investigacion Tecnologica
60,41,96,52,86,40,46,50,48,69,Investigacion Tecnologica
23,83,66,68,58,34,47,81,76,77,Gestion de Proyectos
65,41,51,60,70,98,97,35,42,62,Ciberseguridad
25,97,61,49,67,21,33,64,95,76,Gestion de Proyectos
22,32,42,71,44,89,86,45,49,48,Redes y Telecomunicaciones
28,68,58,30,100,31,27,65,56,81,Finanzas
23,94,68,55,71,35,24,69,95,75,Gestion de Proyectos
18,88,46,28,49,10,38,86,96,49,MBA
74,30,54,88,68,60,42,50,65,54,Desarrollo Software
29,56,34,80,75,87,71,64,65,59,Redes y Telecomunicaciones
59,58,59,53,70,97,90,46,55,41,Ciberseguridad
71,48,37,89,90,46,43,64,53,78,Desarrollo Software
53,58,54,88,86,43,68,60,41,80,Desarrollo Software
23,96,53,22,76,10,27,82,88,69,MBA
54,72,57,51,55,28,33,85,79,54,Marketing Digital
23,81,58,46,51,20,30,89,89,61,Marketing Digital
24,82,64,37,100,12,36,56,80,95,Finanzas
40,89,48,35,51,29,29,87,90,78,Gestion de Proyectos
21,98,34,33,75,18,20,80,89,67,MBA
79,69,91,54,71,23,36,76,62,85,Investigacion Tecnologica
85,56,62,91,98,50,47,53,32,87,Data Science
74,53,54,87,80,48,49,58,33,98,Data Science
77,42,76,95,86,25,49,30,37,90,Data Science
32,57,40,74,79,88,88,46,54,52,Ciberseguridad
98,41,76,88,96,49,50,44,42,83,Inteligencia Artificial
96,41,58,83,89,46,67,48,49,99,Inteligencia Artificial
44,46,54,54,63,92,72,59,38,67,Redes y Telecomunicaciones
21,65,57,28,90,33,17,53,52,87,Finanzas
96,38,56,85,82,36,57,40,54,92,Inteligencia Artificial
59,49,57,54,79,92,88,48,56,40,Ciberseguridad
49,87,40,50,98,36,26,52,67,89,Finanzas
39,85,67,45,96,28,33,53,73,94,Finanzas
45,58,39,76,47,100,87,34,67,35,Redes y Telecomunicaciones
72,40,58,83,88,37,44,44,53,93,Data Science
41,64,94,44,87,48,36,70,56,78,Investigacion Tecnologica
100,46,70,93,75,40,58,68,46,90,Inteligencia Artificial
44,36,35,44,67,99,67,63,44,42,Redes y Telecomunicaciones
90,52,69,88,97,39,32,57,54,81,Inteligencia Artificial
40,39,39,75,56,99,100,48,39,68,Ciberseguridad
61,56,30,92,61,61,59,64,68,60,Desarrollo Software
51,65,95,55,89,49,38,68,40,63,Investigacion Tecnologica
40,85,52,63,64,42,29,78,78,75,Gestion de Proyectos
77,34,50,91,80,29,23,48,39,85,Data Science
32,98,51,13,51,26,32,77,89,55,MBA
88,22,51,86,82,26,59,68,44,100,Inteligencia Artificial
40,38,47,73,43,90,80,61,68,61,Redes y Telecomunicaciones
35,96,58,34,65,21,40,93,86,42,MBA
85,28,68,86,91,33,52,35,39,82,Inteligencia Artificial
87,45,73,86,79,36,42,53,30,97,Inteligencia Artificial
36,83,46,66,80,45,27,89,90,68,Gestion de Proyectos
30,87,55,59,96,37,26,78,63,93,Finanzas
52,54,53,54,51,92,71,60,34,35,Redes y Telecomunicaciones
60,41,77,77,86,47,22,44,42,93,Data Science
44,100,46,30,70,19,36,82,100,53,MBA
60,56,41,97,83,62,62,46,66,53,Desarrollo Software
32,74,58,40,40,36,37,95,70,76,Marketing Digital
54,60,44,47,92,19,22,68,51,83,Finanzas
39,91,58,50,65,36,30,82,91,47,MBA
44,72,65,24,57,14,12,89,81,72,Marketing Digital
80,47,30,91,76,41,53,62,65,74,Desarrollo Software
57,42,99,60,71,48,39,59,69,84,Investigacion Tecnologica
31,93,58,33,79,48,41,86,88,75,Gestion de Proyectos
23,87,43,41,44,11,33,99,71,72,Marketing Digital
45,90,43,42,46,25,33,85,95,71,MBA
74,38,65,92,95,28,26,40,34,95,Data Science
55,71,40,58,57,28,20,98,79,69,Marketing Digital
71,49,59,71,99,29,27,52,39,86,Data Science
65,59,51,70,65,90,85,53,43,47,Ciberseguridad
66,44,33,99,87,67,59,64,56,58,Desarrollo Software
85,38,78,98,93,58,63,67,36,97,Inteligencia Artificial
33,92,52,48,69,27,12,97,91,44,MBA
60,88,49,61,54,31,30,63,82,56,Gestion de Proyectos
60,78,63,47,95,16,37,79,68,91,Finanzas
23,92,41,12,51,16,22,85,89,80,MBA
20,87,48,51,99,25,32,80,77,94,Finanzas
58,92,45,68,65,36,50,69,84,80,Gestion de Proyectos
56,56,64,94,68,45,31,49,70,52,Desarrollo Software
37,42,41,68,55,94,66,38,67,45,Redes y Telecomunicaciones
58,35,49,99,62,51,32,63,49,68,Desarrollo Software
35,87,49,36,53,19,12,93,100,75,MBA
69,49,62,98,66,68,38,68,52,67,Desarrollo Software
41,100,59,22,54,11,38,76,99,76,MBA
51,80,63,26,100,24,37,71,66,93,Finanzas
48,61,96,76,78,21,47,59,43,60,Investigacion Tecnologica
39,48,45,59,48,89,66,31,49,43,Redes y Telecomunicaciones
47,59,36,60,45,87,73,45,38,53,Redes y Telecomunicaciones
85,33,53,93,79,60,65,45,55,88,Inteligencia Artificial
36,56,57,63,67,95,99,37,48,52,Ciberseguridad
33,70,36,50,56,19,11,96,77,66,Marketing Digital
39,84,63,35,58,36,13,98,74,50,Marketing Digital
90,58,76,86,76,46,44,40,67,93,Inteligencia Artificial
43,62,48,30,94,32,10,74,52,91,Finanzas
79,51,33,88,71,69,39,55,58,65,Desarrollo Software
30,95,40,51,58,31,34,67,80,59,Gestion de Proyectos
33,100,46,43,72,34,15,92,88,74,MBA
28,98,64,69,46,35,27,81,82,69,Gestion de Proyectos
87,20,74,84,94,57,45,55,55,88,Inteligencia Artificial
28,81,46,32,61,23,21,65,80,66,Gestion de Proyectos
53,96,61,30,63,44,36,61,84,80,Gestion de Proyectos
86,69,79,76,100,37,49,34,32,85,Data Science
61,45,64,73,97,44,38,47,60,94,Data Science
53,48,92,68,78,22,50,55,66,68,Investigacion Tecnologica
48,43,99,53,71,44,27,54,51,73,Investigacion Tecnologica
27,84,70,53,93,39,13,65,64,91,Finanzas
39,40,47,80,73,87,88,50,39,60,Ciberseguridad
35,90,41,53,72,45,35,82,91,72,Gestion de Proyectos
28,92,33,40,68,11,37,84,91,68,MBA
46,98,45,70,61,41,36,66,91,57,Gestion de Proyectos
44,68,99,66,82,36,24,72,57,67,Investigacion Tecnologica
51,55,98,50,89,23,39,78,49,85,Investigacion Tecnologica
94,48,53,92,98,55,60,50,48,94,Inteligencia Artificial
53,38,56,92,73,45,30,63,60,50,Desarrollo Software
54,72,41,38,34,28,30,95,81,70,Marketing Digital
100,21,79,90,90,48,53,40,37,96,Inteligencia Artificial
61,57,100,68,71,24,47,54,70,87,Investigacion Tecnologica
22,86,54,38,77,34,40,84,98,57,MBA
28,96,60,46,59,30,28,78,98,78,MBA
79,59,94,56,80,35,23,75,48,73,Investigacion Tecnologica
36,39,52,69,47,91,99,50,51,43,Ciberseguridad
11,86,38,34,79,37,34,90,89,64,MBA
71,55,53,96,71,64,39,62,64,61,Desarrollo Software
49,90,46,28,59,39,12,85,99,70,MBA
18,98,57,27,68,23,27,92,85,58,MBA
41,95,53,43,69,49,31,64,76,63,Gestion de Proyectos
80,34,63,76,94,38,24,32,56,95,Data Science
35,98,64,50,52,35,29,90,86,63,Gestion de Proyectos
45,80,44,26,46,22,34,100,76,56,Marketing Digital
54,37,37,85,81,35,41,63,46,60,Desarrollo Software
48,46,100,77,86,29,46,77,54,66,Investigacion Tecnologica
37,34,47,52,52,90,91,34,48,63,Ciberseguridad
35,80,45,46,56,37,43,71,85,61,Gestion de Proyectos
70,69,91,61,91,22,38,77,63,71,Investigacion Tecnologica
67,54,98,44,79,34,21,61,56,84,Investigacion Tecnologica
41,73,65,23,93,34,26,76,60,86,Finanzas
88,29,66,94,98,23,64,45,63,80,Inteligencia Artificial
90,30,80,91,93,27,59,38,64,82,Inteligencia Artificial
32,85,48,11,64,33,28,95,99,53,MBA
31,79,44,25,65,21,16,100,74,74,Marketing Digital
31,72,64,48,90,22,11,72,59,95,Finanzas
63,50,92,47,91,37,20,54,69,87,Investigacion Tecnologica
49,49,42,50,48,97,90,48,40,52,Redes y Telecomunicaciones
47,66,65,46,93,17,27,67,54,93,Finanzas
26,89,52,42,72,22,33,79,90,40,MBA
24,83,68,26,96,26,36,67,76,77,Finanzas
84,35,60,82,83,32,23,53,60,96,Data Science
73,65,56,94,86,21,23,66,41,85,Data Science
100,48,80,92,89,58,63,69,35,99,Inteligencia Artificial
73,50,91,58,72,44,26,73,50,90,Investigacion Tecnologica
28,85,31,16,72,15,27,90,97,61,MBA
79,49,35,98,73,48,39,63,61,51,Desarrollo Software
99,38,78,87,98,25,60,69,38,96,Inteligencia Artificial
66,36,40,80,65,89,100,52,53,52,Ciberseguridad
76,42,98,49,83,23,45,75,53,60,Investigacion Tecnologica
63,61,80,94,88,48,50,63,41,96,Data Science
50,80,68,43,80,49,25,67,80,79,Gestion de Proyectos
60,39,32,96,64,39,70,60,59,76,Desarrollo Software
88,37,71,91,90,26,20,30,56,95,Data Science
46,89,52,29,96,14,23,53,52,82,Finanzas
35,70,44,37,31,27,15,98,81,60,Marketing Digital
53,94,65,65,70,24,45,84,87,80,Gestion de Proyectos
22,57,58,53,72,94,63,58,65,59,Redes y Telecomunicaciones
59,32,46,50,42,87,78,46,42,53,Redes y Telecomunicaciones
47,44,50,53,72,89,95,36,30,49,Ciberseguridad
84,56,66,75,99,43,32,68,36,89,Data Science
46,98,49,13,57,30,17,85,94,64,MBA
33,84,49,20,89,12,24,79,68,91,Finanzas
54,51,90,41,79,50,33,76,69,60,Investigacion Tecnologica
85,69,59,89,82,32,45,52,37,91,Data Science
56,94,68,36,58,27,30,75,81,78,Gestion de Proyectos
28,97,45,11,68,13,35,95,88,78,MBA
16,93,49,33,53,23,24,83,88,51,MBA
53,86,49,48,52,28,30,77,94,65,Gestion de Proyectos
49,78,55,58,59,39,40,92,81,78,Marketing Digital
69,30,75,73,87,23,44,68,44,94,Data Science
32,89,54,41,77,10,25,83,95,65,MBA
65,56,57,81,94,45,42,40,50,91,Data Science
20,88,38,56,61,23,40,90,89,66,Marketing Digital
39,60,32,81,49,80,95,43,55,45,Ciberseguridad
95,54,73,90,92,51,69,60,59,89,Inteligencia Artificial
63,64,66,82,100,29,37,39,45,87,Data Science
95,58,53,90,86,32,58,47,69,84,Inteligencia Artificial
60,87,41,56,63,35,29,65,78,78,Gestion de Proyectos
69,60,53,83,66,96,91,37,33,50,Ciberseguridad
38,33,54,56,80,96,94,51,35,40,Ciberseguridad
73,63,95,59,80,30,23,72,61,70,Investigacion Tecnologica
42,80,46,69,61,30,49,71,89,53,Gestion de Proyectos
46,46,53,54,44,85,67,47,36,53,Redes y Telecomunicaciones
88,44,61,91,86,42,60,36,69,95,Inteligencia Artificial
13,96,41,20,61,35,38,90,93,67,MBA
82,57,78,92,81,31,48,35,59,96,Data Science
27,85,41,37,98,33,15,64,58,86,Finanzas
72,58,94,66,94,23,49,77,56,85,Investigacion Tecnologica
91,45,70,94,100,32,36,52,32,83,Inteligencia Artificial
45,100,48,40,79,26,32,93,98,76,MBA
60,51,54,61,52,94,86,44,45,70,Ciberseguridad
39,37,33,84,79,79,95,31,49,44,Ciberseguridad
60,66,64,83,98,42,40,53,52,98,Data Science
61,41,90,74,72,37,21,50,51,69,Investigacion Tecnologica
60,86,69,34,75,47,24,71,90,77,Gestion de Proyectos
18,95,60,11,44,16,19,79,96,77,MBA
89,30,64,80,89,42,34,44,57,91,Data Science
85,34,62,83,81,46,46,52,36,92,Data Science
42,91,43,26,64,15,30,94,85,51,MBA
87,45,69,86,78,21,69,33,53,90,Inteligencia Artificial
87,55,53,84,75,36,37,46,59,86,Inteligencia Artificial
66,51,66,100,83,34,62,44,70,64,Desarrollo Software
59,74,39,35,47,40,35,86,87,73,Marketing Digital
56,81,41,39,72,35,49,67,87,50,Gestion de Proyectos
46,77,65,52,96,10,24,68,64,95,Finanzas
26,48,56,61,51,91,63,51,51,41,Redes y Telecomunicaciones
22,92,51,35,74,20,32,93,100,71,MBA
74,64,69,89,93,33,30,55,44,97,Data Science
22,74,43,37,56,14,34,92,83,54,Marketing Digital
62,34,39,89,82,53,63,49,47,79,Desarrollo Software
61,49,52,87,79,37,39,67,70,78,Desarrollo Software
88,60,53,95,85,20,37,46,66,80,Inteligencia Artificial
29,79,50,20,88,34,18,67,61,92,Finanzas
79,30,69,94,95,43,36,53,50,88,Data Science
50,88,43,13,73,10,23,80,94,60,MBA
15,93,40,25,44,29,39,89,86,80,MBA
68,32,63,87,88,48,36,48,46,63,Desarrollo Software
23,93,49,47,59,44,27,70,84,76,Gestion de Proyectos
93,22,60,98,98,58,65,68,63,87,Inteligencia Artificial
26,94,48,44,69,35,46,77,93,80,Gestion de Proyectos
44,43,94,65,91,25,31,71,48,65,Investigacion Tecnologica
60,68,47,60,99,39,40,72,67,79,Finanzas
88,33,67,92,79,25,48,32,60,95,Inteligencia Artificial
41,46,96,63,70,23,41,69,65,72,Investigacion Tecnologica
47,55,44,73,46,95,88,58,70,42,Redes y Telecomunicaciones
28,72,46,22,91,31,13,70,56,80,Finanzas
99,59,60,84,79,22,64,35,38,99,Inteligencia Artificial
38,84,69,42,45,33,44,73,85,70,Gestion de Proyectos
32,91,52,60,44,36,25,60,95,63,Gestion de Proyectos
48,99,33,47,71,38,15,90,92,72,MBA
33,97,60,50,56,33,32,99,99,79,MBA
75,35,61,82,100,39,50,51,47,97,Data Science
66,54,60,98,86,69,61,46,46,59,Desarrollo Software
16,85,31,37,44,32,21,81,91,65,MBA
60,93,68,39,62,33,23,82,89,79,Gestion de Proyectos
51,66,91,41,70,35,40,77,51,70,Investigacion Tecnologica
66,43,63,89,84,36,51,68,55,73,Desarrollo Software
92,37,72,81,92,32,66,70,35,92,Inteligencia Artificial
69,59,64,97,67,56,33,70,57,59,Desarrollo Software
96,40,54,83,97,55,61,57,48,90,Inteligencia Artificial
54,78,59,52,30,15,20,95,88,70,Marketing Digital
39,88,48,23,74,26,34,97,91,74,MBA
20,83,54,41,32,23,23,100,84,70,Marketing Digital
30,66,49,34,86,22,15,61,60,81,Finanzas
61,33,63,92,90,41,23,40,50,97,Data Science
49,95,38,33,44,37,15,94,98,50,MBA
72,57,93,42,89,30,27,59,65,81,Investigacion Tecnologica
28,73,67,57,48,32,27,87,88,55,Marketing Digital
80,54,90,44,94,27,28,67,48,71,Investigacion Tecnologica
22,55,46,43,53,94,69,57,65,46,Redes y Telecomunicaciones
48,100,49,14,53,38,15,82,98,67,MBA
54,75,39,28,33,39,21,95,83,64,Marketing Digital
40,93,42,20,47,11,11,78,98,79,MBA
44,44,33,47,56,97,70,38,51,34,Redes y Telecomunicaciones
15,88,47,39,76,17,10,87,91,67,MBA
45,96,54,69,59,28,49,81,93,79,Gestion de Proyectos
37,34,42,70,76,86,66,66,64,68,Redes y Telecomunicaciones
76,42,66,89,83,66,54,59,67,60,Desarrollo Software
72,57,36,100,87,65,38,53,49,52,Desarrollo Software
23,90,62,35,92,18,36,55,58,85,Finanzas
63,43,99,69,73,40,36,68,64,61,Investigacion Tecnologica
47,51,95,73,92,42,48,79,64,80,Investigacion Tecnologica
35,32,52,65,44,77,94,39,31,63,Ciberseguridad
48,54,58,72,51,79,88,47,46,64,Ciberseguridad
54,96,61,43,52,46,36,88,76,71,Gestion de Proyectos
74,42,69,85,79,63,68,64,55,70,Desarrollo Software
62,33,38,84,55,89,85,50,55,62,Ciberseguridad
53,66,59,42,99,21,15,71,70,94,Finanzas
39,70,39,58,43,27,30,91,87,55,Marketing Digital
76,40,32,93,64,30,31,60,60,57,Desarrollo Software
57,44,61,94,69,49,67,49,69,66,Desarrollo Software
42,57,50,65,63,93,86,57,34,53,Redes y Telecomunicaciones
67,60,93,54,91,37,20,76,57,68,Investigacion Tecnologica
38,65,52,20,100,21,18,73,50,75,Finanzas
77,31,39,85,70,51,62,44,67,70,Desarrollo Software
49,89,64,36,75,28,33,61,89,71,Gestion de Proyectos
68,46,40,69,73,81,87,39,31,48,Ciberseguridad
63,67,94,71,95,46,23,65,49,84,Investigacion Tecnologica
69,52,70,98,84,38,38,47,44,62,Desarrollo Software
23,80,63,23,96,38,33,53,74,78,Finanzas
37,98,58,39,41,47,39,65,76,66,Gestion de Proyectos
55,70,96,45,88,50,39,80,51,73,Investigacion Tecnologica
34,77,34,57,47,32,31,99,87,77,Marketing Digital
61,35,55,78,63,90,86,48,45,60,Ciberseguridad
56,53,91,67,77,50,43,60,70,80,Investigacion Tecnologica
55,57,51,55,77,93,100,47,32,64,Ciberseguridad
69,37,39,55,56,81,89,53,44,54,Ciberseguridad
32,52,47,63,45,100,76,65,35,40,Redes y Telecomunicaciones
44,99,60,55,44,36,49,82,77,51,Gestion de Proyectos
90,42,68,80,90,26,33,64,67,94,Inteligencia Artificial
75,67,54,70,93,22,35,35,41,100,Data Science
37,94,53,53,79,31,23,86,85,68,Gestion de Proyectos
60,65,92,74,76,36,47,56,56,70,Investigacion Tecnologica
57,90,57,24,97,17,39,71,78,86,Finanzas
40,76,34,29,58,23,11,86,86,64,Marketing Digital
68,57,43,92,76,55,42,63,57,74,Desarrollo Software
54,68,95,60,70,30,29,72,41,87,Investigacion Tecnologica
54,75,60,54,96,10,38,65,65,90,Finanzas
47,84,65,55,40,41,21,72,77,67,Gestion de Proyectos
55,80,46,58,93,12,18,52,68,90,Finanzas
60,82,53,47,31,30,21,85,76,57,Marketing Digital
43,82,48,32,79,23,27,70,82,75,Gestion de Proyectos
72,66,100,53,86,37,50,55,66,86,Investigacion Tecnologica
32,36,43,74,72,93,93,53,59,64,Ciberseguridad
49,86,59,13,45,29,23,86,90,65,MBA
94,27,69,96,81,20,32,59,70,84,Inteligencia Artificial
21,91,57,32,46,40,38,88,84,74,Gestion de Proyectos
50,53,96,63,82,34,27,70,43,76,Investigacion Tecnologica
51,31,32,94,75,61,69,53,59,65,Desarrollo Software
94,57,73,88,92,58,54,36,41,84,Inteligencia Artificial
80,40,77,85,90,47,31,65,49,91,Data Science
31,82,54,57,57,39,27,77,94,73,Gestion de Proyectos
43,100,67,64,75,27,35,85,92,53,Gestion de Proyectos
61,37,76,88,100,39,28,55,43,86,Data Science
37,32,52,65,78,86,64,38,40,34,Redes y Telecomunicaciones
56,50,57,63,56,93,61,65,61,41,Redes y Telecomunicaciones
40,58,52,48,79,96,88,40,50,60,Redes y Telecomunicaciones
32,97,44,62,75,24,46,80,89,75,Gestion de Proyectos
43,68,97,64,93,39,42,65,59,64,Investigacion Tecnologica
60,46,50,88,63,34,33,49,40,77,Desarrollo Software
60,60,48,95,88,48,34,68,66,54,Desarrollo Software
54,54,44,83,43,95,85,56,37,51,Ciberseguridad
34,82,68,44,67,20,38,82,76,70,Gestion de Proyectos
38,92,48,27,60,15,35,83,98,69,MBA
50,33,43,86,87,31,62,54,47,60,Desarrollo Software
55,98,56,37,55,44,31,86,87,69,Gestion de Proyectos
51,76,52,30,85,27,40,68,59,87,Finanzas
90,51,54,93,83,43,41,52,35,98,Data Science
68,33,44,60,65,96,99,33,45,68,Ciberseguridad
58,90,54,65,43,28,37,78,83,75,Gestion de Proyectos
96,38,65,83,76,52,51,41,65,99,Inteligencia Artificial
98,25,69,83,97,53,43,52,46,95,Inteligencia Artificial
69,34,30,69,61,100,98,34,55,60,Ciberseguridad
82,40,68,88,92,24,25,37,31,86,Data Science
79,53,98,57,79,28,40,58,68,74,Investigacion Tecnologica
69,60,40,65,46,75,91,59,34,62,Ciberseguridad
91,23,78,89,80,52,43,60,31,91,Inteligencia Artificial
71,41,72,94,99,49,38,30,49,98,Data Science
81,61,65,85,97,31,44,56,41,89,Data Science
86,23,55,97,82,32,41,41,35,91,Inteligencia Artificial
72,49,77,94,88,26,40,39,49,87,Data Science
80,56,100,68,77,36,40,61,46,68,Investigacion Tecnologica
22,87,43,29,53,39,29,80,89,66,MBA
40,63,43,53,100,17,17,77,62,90,Finanzas
28,31,60,63,66,88,69,68,69,38,Redes y Telecomunicaciones
86,59,62,86,97,39,37,49,51,92,Data Science
44,45,40,79,47,99,89,44,32,69,Ciberseguridad
84,49,63,94,94,38,48,40,35,86,Data Science
59,60,33,96,76,39,45,43,60,51,Desarrollo Software
38,59,35,52,44,99,71,66,68,48,Redes y Telecomunicaciones
32,71,40,55,87,22,37,62,73,78,Finanzas
27,71,64,38,41,24,12,90,76,50,Marketing Digital
56,30,31,74,45,91,100,54,33,40,Ciberseguridad
49,55,57,80,69,93,89,37,31,31,Redes y Telecomunicaciones
24,36,49,59,72,96,72,32,40,58,Redes y Telecomunicaciones
32,61,56,44,99,15,38,54,55,82,Finanzas
34,90,47,27,66,38,15,97,97,41,MBA
72,55,91,42,94,40,47,76,50,69,Investigacion Tecnologica
71,61,90,49,76,21,44,77,61,90,Investigacion Tecnologica
51,34,45,82,58,95,100,51,51,68,Ciberseguridad
95,43,76,90,83,51,53,49,64,98,Inteligencia Artificial
65,59,96,71,84,29,43,62,70,74,Investigacion Tecnologica
57,97,56,37,54,33,44,72,95,50,Gestion de Proyectos
35,34,56,73,42,95,84,40,59,50,Redes y Telecomunicaciones
26,94,68,43,57,49,30,66,93,62,Gestion de Proyectos
72,64,60,93,88,46,23,59,36,95,Data Science
33,70,64,38,40,14,14,97,84,67,Marketing Digital
55,78,52,23,46,40,21,88,88,65,Marketing Digital
10,91,59,29,71,10,24,79,87,42,MBA
48,46,39,66,76,83,93,47,45,51,Ciberseguridad
68,69,66,90,90,25,37,67,45,95,Data Science
77,60,53,86,99,27,43,43,38,92,Data Science
73,35,45,98,89,50,56,61,64,61,Desarrollo Software
93,26,73,94,81,32,59,64,69,92,Inteligencia Artificial
51,52,55,66,73,87,79,43,53,32,Redes y Telecomunicaciones
39,36,38,42,71,96,90,34,34,51,Redes y Telecomunicaciones
28,85,65,56,88,18,21,76,55,82,Finanzas
51,43,91,59,87,31,36,57,41,60,Investigacion Tecnologica
57,78,38,44,67,20,20,85,88,60,Marketing Digital
49,96,36,50,64,21,24,85,100,79,MBA
97,49,58,83,84,22,32,55,67,88,Inteligencia Artificial
89,21,57,80,97,44,37,69,51,91,Inteligencia Artificial
68,49,48,87,85,43,69,55,52,80,Desarrollo Software
95,45,77,88,87,52,38,37,33,94,Inteligencia Artificial
45,56,45,58,60,96,86,31,46,66,Redes y Telecomunicaciones
17,88,50,50,57,27,31,89,91,71,MBA
68,33,40,81,45,84,85,45,48,58,Ciberseguridad
55,61,59,25,88,37,14,73,77,94,Finanzas
75,30,52,72,86,23,26,68,32,89,Data Science
50,53,47,53,59,89,62,52,45,38,Redes y Telecomunicaciones
60,86,58,36,71,45,42,74,81,57,Gestion de Proyectos
45,31,52,68,72,85,75,50,68,70,Redes y Telecomunicaciones
62,44,45,94,75,45,70,67,53,58,Desarrollo Software
69,42,64,77,91,28,20,44,51,96,Data Science
82,65,69,81,93,35,21,33,30,85,Data Science
77,53,64,80,81,44,50,57,60,96,Data Science
59,32,33,64,53,89,84,63,68,52,Redes y Telecomunicaciones
87,22,67,80,78,57,45,44,57,87,Inteligencia Artificial
65,44,36,65,61,87,99,37,40,66,Ciberseguridad
72,59,72,88,91,35,49,31,43,89,Data Science
41,81,45,46,45,22,45,60,93,70,Gestion de Proyectos
52,97,56,55,72,35,28,88,75,80,Gestion de Proyectos
29,75,33,49,70,10,40,91,70,50,Marketing Digital
51,76,32,35,36,24,32,91,82,58,Marketing Digital
43,85,52,45,68,11,14,79,91,41,MBA
48,39,48,53,51,89,92,30,54,61,Ciberseguridad
72,48,39,87,85,52,53,70,66,50,Desarrollo Software
57,69,59,45,98,26,35,53,51,81,Finanzas
73,52,92,51,85,36,42,55,48,63,Investigacion Tecnologica
13,89,60,47,60,35,38,87,95,44,MBA
49,60,93,62,78,40,21,58,53,85,Investigacion Tecnologica
45,95,56,29,41,26,37,97,99,43,MBA
28,75,64,24,89,26,18,80,54,90,Finanzas
58,54,94,45,91,39,30,51,57,64,Investigacion Tecnologica
27,77,64,50,88,20,37,53,61,79,Finanzas
25,96,51,41,78,26,33,94,97,78,MBA
54,51,92,70,91,49,42,56,47,85,Investigacion Tecnologica
39,94,48,39,52,20,37,79,96,78,MBA
68,42,57,95,67,50,47,42,49,67,Desarrollo Software
75,30,62,75,99,42,23,69,42,99,Data Science
44,90,61,58,71,41,36,89,77,71,Gestion de Proyectos
51,80,61,48,91,36,24,58,55,86,Finanzas
58,92,51,32,74,26,38,75,82,73,Gestion de Proyectos
64,62,98,62,72,49,38,75,70,87,Investigacion Tecnologica
10,99,39,44,64,36,19,98,87,76,MBA
33,47,50,63,69,86,82,67,48,66,Redes y Telecomunicaciones
30,100,47,41,53,45,50,80,75,57,Gestion de Proyectos
38,89,48,50,79,37,22,63,94,73,Gestion de Proyectos
67,55,70,88,84,36,40,66,69,65,Desarrollo Software
49,46,96,42,92,26,46,58,63,87,Investigacion Tecnologica
57,51,98,47,70,50,49,77,53,76,Investigacion Tecnologica
60,94,60,49,41,50,24,74,86,64,Gestion de Proyectos
48,89,59,23,79,40,10,88,94,56,MBA
67,51,77,72,87,20,23,30,30,95,Data Science
24,90,36,20,60,23,29,88,98,41,MBA
43,80,37,37,45,14,28,97,70,64,Marketing Digital
91,45,65,85,89,22,46,68,37,81,Inteligencia Artificial
64,50,66,74,90,31,48,48,57,94,Data Science
24,83,46,53,90,15,16,51,72,91,Finanzas
43,90,61,32,97,17,23,53,71,82,Finanzas
47,64,100,48,86,48,30,65,68,72,Investigacion Tecnologica
57,33,66,99,82,70,36,47,69,78,Desarrollo Software
25,44,60,59,57,95,81,36,34,55,Redes y Telecomunicaciones
27,78,60,28,93,26,38,78,73,79,Finanzas
94,59,57,85,85,44,60,37,69,89,Inteligencia Artificial
70,65,96,48,78,43,36,54,43,62,Investigacion Tecnologica
83,59,80,75,89,26,32,49,49,85,Data Science
80,42,60,92,66,49,33,44,49,63,Desarrollo Software
100,45,77,92,96,46,46,62,39,96,Inteligencia Artificial
31,84,43,21,98,40,36,66,66,90,Finanzas
43,66,47,34,85,37,16,69,71,88,Finanzas
34,88,56,58,47,48,23,79,92,65,Gestion de Proyectos
80,31,49,95,89,30,53,52,62,73,Desarrollo Software
94,28,79,88,81,55,37,38,32,88,Inteligencia Artificial
36,81,44,69,68,34,38,83,88,52,Gestion de Proyectos
71,41,97,76,85,35,36,51,52,64,Investigacion Tecnologica
12,90,49,10,63,30,27,80,94,44,MBA
60,30,43,51,46,87,89,59,44,61,Ciberseguridad
71,47,93,60,73,48,21,58,63,90,Investigacion Tecnologica
36,44,37,74,70,90,69,46,41,34,Redes y Telecomunicaciones
67,53,60,90,80,28,35,67,55,92,Data Science
24,97,68,57,71,41,36,76,90,52,Gestion de Proyectos
39,74,50,27,97,38,18,60,55,80,Finanzas
58,45,90,72,72,33,22,72,42,72,Investigacion Tecnologica
29,99,49,33,70,30,49,76,82,68,Gestion de Proyectos
38,71,68,21,32,22,18,88,74,70,Marketing Digital
61,61,60,93,91,35,47,63,49,100,Data Science
42,98,44,26,73,21,12,86,89,75,MBA
72,56,68,91,73,54,69,59,45,56,Desarrollo Software
56,68,49,43,86,19,12,55,58,79,Finanzas
58,52,90,75,82,41,44,58,50,90,Investigacion Tecnologica
55,62,58,32,94,29,17,73,50,95,Finanzas
42,77,68,45,95,24,30,52,61,87,Finanzas
97,56,54,81,89,36,38,63,60,90,Inteligencia Artificial
100,27,69,83,77,26,34,59,35,97,Inteligencia Artificial
96,23,54,90,87,48,37,34,55,92,Inteligencia Artificial
52,88,41,53,30,18,15,88,89,67,Marketing Digital
69,34,66,71,96,30,43,31,45,88,Data Science
68,52,50,57,76,98,98,34,53,52,Ciberseguridad
33,82,49,20,49,27,33,88,74,76,Marketing Digital
100,51,79,90,93,48,47,36,34,83,Inteligencia Artificial
30,83,55,39,96,15,10,50,68,85,Finanzas
48,31,52,54,55,93,81,44,40,31,Redes y Telecomunicaciones
60,41,60,95,83,53,55,61,68,56,Desarrollo Software
72,59,95,57,83,35,27,57,60,76,Investigacion Tecnologica
60,48,62,88,80,33,32,61,40,95,Data Science
15,100,53,41,56,28,27,90,99,42,MBA
39,87,62,45,92,33,37,68,56,95,Finanzas
66,57,50,92,72,62,66,56,54,70,Desarrollo Software
80,45,74,80,94,31,30,34,35,89,Data Science
96,57,51,94,80,49,62,70,47,85,Inteligencia Artificial
48,90,56,37,40,27,16,88,85,69,Marketing Digital
99,31,74,99,80,36,35,63,62,80,Inteligencia Artificial
49,80,59,32,53,11,13,91,83,80,Marketing Digital
44,96,55,39,45,28,12,78,100,53,MBA
88,54,77,88,89,44,30,64,62,93,Inteligencia Artificial
42,31,30,43,73,93,71,63,47,69,Redes y Telecomunicaciones
58,39,35,60,60,92,79,60,68,50,Redes y Telecomunicaciones
79,54,100,80,83,47,41,62,65,65,Investigacion Tecnologica
45,88,68,56,75,27,50,72,83,52,Gestion de Proyectos
100,44,61,99,92,32,51,60,60,100,Inteligencia Artificial
39,85,41,38,88,20,17,68,59,92,Finanzas
40,89,69,23,31,22,39,90,79,56,Marketing Digital
69,40,95,59,89,20,30,79,54,76,Investigacion Tecnologica
92,27,56,93,79,30,62,55,69,87,Inteligencia Artificial
43,82,67,46,49,36,32,87,82,78,Marketing Digital
89,30,64,90,80,59,38,34,64,85,Inteligencia Artificial
33,90,68,57,33,40,36,88,80,61,Marketing Digital
30,70,38,56,37,27,16,86,80,64,Marketing Digital
76,38,57,97,79,64,68,50,60,52,Desarrollo Software
42,72,33,45,42,36,24,98,70,67,Marketing Digital
32,88,43,40,87,23,16,58,71,84,Finanzas
85,69,69,88,91,28,36,35,45,91,Data Science
73,61,73,84,85,38,26,60,35,97,Data Science
25,90,55,22,40,38,16,90,98,51,MBA
53,62,91,75,82,41,45,51,51,83,Investigacion Tecnologica
43,70,62,45,87,37,35,59,71,91,Finanzas
76,33,53,80,88,38,35,48,44,86,Data Science
47,64,68,58,93,32,36,64,53,75,Finanzas
25,76,44,22,52,15,24,97,76,70,Marketing Digital
50,60,43,95,70,51,70,44,70,72,Desarrollo Software
35,89,46,26,72,35,17,80,88,51,MBA
67,64,76,92,83,29,35,34,55,92,Data Science
64,33,50,95,82,30,48,58,52,71,Desarrollo Software
59,84,43,24,70,33,31,93,90,75,Marketing Digital
49,84,37,50,35,34,34,85,79,50,Marketing Digital
84,50,67,89,100,39,36,67,43,87,Data Science
12,92,33,20,71,14,10,88,95,52,MBA
47,60,57,44,93,16,10,69,57,81,Finanzas
91,51,51,82,86,52,47,66,41,98,Inteligencia Artificial
39,89,31,21,79,28,31,86,99,61,MBA
44,63,93,72,95,39,23,62,65,61,Investigacion Tecnologica
49,93,58,18,49,40,13,92,88,42,MBA
80,68,73,74,97,25,42,67,60,99,Data Science
67,51,39,93,65,70,51,65,50,69,Desarrollo Software
76,57,52,76,88,41,43,36,43,95,Data Science
92,21,80,83,87,58,59,55,57,92,Inteligencia Artificial
37,71,60,38,89,32,36,61,80,79,Finanzas
47,66,100,44,87,31,42,50,54,67,Investigacion Tecnologica
32,47,42,66,62,99,94,44,52,59,Ciberseguridad
44,96,40,42,64,33,39,88,91,55,MBA
39,75,70,32,37,24,10,93,89,55,Marketing Digital
60,51,93,52,93,45,35,59,64,66,Investigacion Tecnologica
66,47,52,97,83,47,70,54,41,77,Desarrollo Software
89,28,54,81,99,58,38,53,62,87,Inteligencia Artificial
21,90,59,19,51,28,29,98,94,52,MBA
27,93,67,64,48,42,30,75,85,66,Gestion de Proyectos
66,52,39,92,78,65,62,43,42,53,Desarrollo Software
89,33,64,87,85,39,58,41,70,98,Inteligencia Artificial
87,46,70,94,92,57,68,34,49,80,Inteligencia Artificial
80,56,74,77,90,26,34,46,40,87,Data Science
79,60,43,95,63,48,70,69,46,56,Desarrollo Software
55,39,42,90,62,33,30,45,51,63,Desarrollo Software
74,58,61,75,91,28,26,62,38,99,Data Science
28,72,68,49,99,33,32,67,54,81,Finanzas
32,46,33,61,47,96,97,33,39,47,Ciberseguridad
44,51,51,54,72,92,88,47,51,54,Ciberseguridad
42,78,45,39,97,11,34,78,72,93,Finanzas
42,84,50,48,92,30,17,67,78,80,Finanzas
77,38,58,93,93,36,46,37,50,89,Data Science
54,35,58,60,40,91,64,70,57,50,Redes y Telecomunicaciones
14,94,54,14,56,32,31,100,100,73,MBA
45,74,55,29,93,17,13,53,77,90,Finanzas
80,40,96,62,93,36,41,57,68,65,Investigacion Tecnologica
43,75,68,38,99,35,39,70,55,87,Finanzas
55,31,48,96,76,39,55,56,65,66,Desarrollo Software
24,67,63,55,95,22,26,58,56,93,Finanzas
38,73,65,38,35,13,30,99,88,59,Marketing Digital
71,42,100,49,70,45,30,77,42,71,Investigacion Tecnologica
32,93,70,68,70,32,26,70,88,75,Gestion de Proyectos
36,82,67,22,39,36,22,94,72,80,Marketing Digital
88,38,73,86,82,32,22,59,48,98,Data Science
56,49,34,74,60,90,68,63,67,62,Redes y Telecomunicaciones
91,46,55,90,90,53,46,67,62,80,Inteligencia Artificial
68,66,92,66,88,32,28,57,54,90,Investigacion Tecnologica
23,70,46,41,92,21,20,63,52,86,Finanzas
32,83,51,34,100,35,29,80,61,95,Finanzas
34,75,61,37,100,32,20,67,63,80,Finanzas
76,66,71,79,93,49,30,43,30,97,Data Science
89,40,58,90,79,36,51,32,36,94,Inteligencia Artificial
92,38,74,91,81,52,40,49,30,86,Inteligencia Artificial
56,45,48,99,80,46,42,67,44,61,Desarrollo Software
51,80,35,38,41,34,16,93,88,76,Marketing Digital
53,45,59,96,66,31,57,57,67,70,Desarrollo Software
41,45,91,58,80,21,32,55,59,82,Investigacion Tecnologica
66,49,73,79,97,44,25,69,43,97,Data Science
28,54,52,61,53,98,68,69,35,34,Redes y Telecomunicaciones
49,74,64,21,86,35,11,56,59,86,Finanzas
33,91,63,39,54,25,37,82,94,64,Gestion de Proyectos
43,75,65,24,86,17,39,56,57,86,Finanzas
54,35,54,68,67,95,69,65,54,53,Redes y Telecomunicaciones
74,64,96,66,70,46,41,80,53,64,Investigacion Tecnologica
36,70,49,37,33,37,25,95,78,53,Marketing Digital
42,96,38,30,45,27,20,96,94,64,MBA
13,93,46,48,53,25,14,82,100,55,MBA
74,64,59,90,80,27,50,56,47,89,Data Science
26,64,47,26,98,28,27,74,68,95,Finanzas
57,70,40,24,95,13,13,69,71,86,Finanzas
59,48,55,76,44,92,92,39,54,63,Ciberseguridad
34,73,54,32,85,30,29,66,68,85,Finanzas
55,58,40,53,70,82,90,40,45,66,Ciberseguridad
64,45,97,43,71,20,36,79,43,68,Investigacion Tecnologica
43,92,39,14,54,11,22,78,86,61,MBA
52,35,38,66,70,88,86,30,30,35,Redes y Telecomunicaciones
69,59,35,97,79,30,33,59,44,64,Desarrollo Software
40,84,54,29,89,39,20,73,67,75,Finanzas
89,37,50,81,96,55,58,64,55,99,Inteligencia Artificial
78,43,66,92,71,63,44,46,55,52,Desarrollo Software
72,56,61,87,91,37,33,33,38,90,Data Science
42,91,58,25,75,23,11,96,91,75,MBA
28,81,49,57,55,47,29,81,83,52,Gestion de Proyectos
44,90,70,48,61,45,22,62,87,60,Gestion de Proyectos
56,96,59,63,51,24,32,70,78,80,Gestion de Proyectos
44,30,55,64,70,98,71,64,39,46,Redes y Telecomunicaciones
55,45,53,51,80,75,92,43,33,57,Ciberseguridad
64,56,44,85,83,70,57,64,40,52,Desarrollo Software
47,100,49,42,62,49,23,74,80,77,Gestion de Proyectos
74,65,95,49,89,43,32,55,45,90,Investigacion Tecnologica
90,48,74,86,81,33,22,62,39,87,Data Science
94,22,79,89,75,42,40,56,57,86,Inteligencia Artificial
20,93,55,31,76,30,18,93,93,67,MBA
86,37,53,81,79,42,60,61,30,94,Inteligencia Artificial
80,56,91,48,90,44,45,60,68,74,Investigacion Tecnologica
51,85,69,34,93,21,23,78,60,90,Finanzas
58,57,34,75,44,99,73,34,66,36,Redes y Telecomunicaciones
57,41,41,50,50,93,99,52,49,45,Ciberseguridad
78,53,80,94,84,42,33,61,38,92,Data Science
90,40,52,95,88,32,45,62,32,100,Data Science
86,46,75,81,97,49,59,54,35,99,Inteligencia Artificial
60,56,69,73,89,44,43,64,31,98,Data Science
77,70,90,51,93,44,49,61,67,64,Investigacion Tecnologica
25,74,41,31,92,32,12,54,57,78,Finanzas
84,37,68,75,87,50,47,39,58,89,Data Science
69,54,93,58,87,33,43,51,55,82,Investigacion Tecnologica
88,50,51,93,79,28,53,50,61,91,Inteligencia Artificial
35,98,43,32,54,41,39,66,91,79,Gestion de Proyectos
33,89,42,69,66,47,38,87,82,61,Gestion de Proyectos
99,31,56,91,76,58,44,40,53,86,Inteligencia Artificial
62,48,49,91,66,47,33,66,62,55,Desarrollo Software
63,68,59,79,86,30,42,42,54,95,Data Science
34,54,58,61,77,96,74,46,64,70,Redes y Telecomunicaciones
27,76,30,34,31,13,36,86,88,57,Marketing Digital
23,78,57,28,99,13,22,51,55,77,Finanzas
69,47,93,66,90,26,40,79,41,83,Investigacion Tecnologica
33,95,36,15,47,30,34,78,100,53,MBA
92,36,51,97,99,58,66,44,52,94,Inteligencia Artificial
55,87,41,30,41,10,31,91,89,70,Marketing Digital
33,45,42,61,50,76,97,33,40,58,Ciberseguridad
52,77,38,21,31,25,18,86,87,71,Marketing Digital
42,85,40,50,68,19,33,78,91,72,MBA
41,86,53,61,46,48,46,80,95,63,Gestion de Proyectos
43,62,68,59,94,14,18,72,56,88,Finanzas
71,40,34,100,79,42,35,63,70,80,Desarrollo Software
91,50,58,96,79,42,36,39,44,84,Inteligencia Artificial
50,85,64,37,74,40,50,87,81,61,Gestion de Proyectos
20,83,64,28,93,23,39,80,76,78,Finanzas
26,82,47,35,58,25,26,90,81,65,Marketing Digital
53,37,33,71,44,94,93,38,49,57,Ciberseguridad
18,88,53,26,79,19,15,81,86,59,MBA
25,76,62,24,85,13,34,78,73,86,Finanzas
86,40,75,95,91,37,41,46,40,96,Data Science
81,59,52,78,100,20,20,38,42,96,Data Science
29,76,68,39,38,16,15,94,88,70,Marketing Digital
45,60,39,55,51,95,92,56,44,51,Ciberseguridad
37,31,41,54,46,100,65,64,59,39,Redes y Telecomunicaciones
31,85,42,39,88,16,34,63,80,80,Finanzas
33,93,47,52,60,47,34,80,77,65,Gestion de Proyectos
60,87,40,42,87,35,22,60,56,95,Finanzas
66,52,93,52,75,48,26,56,52,72,Investigacion Tecnologica
44,97,70,67,47,46,36,82,79,72,Gestion de Proyectos
73,54,34,96,87,67,40,60,46,75,Desarrollo Software
28,92,42,40,71,36,22,93,92,77,MBA
92,50,64,90,83,45,52,61,61,86,Inteligencia Artificial
85,60,56,94,96,35,31,59,40,97,Inteligencia Artificial
89,70,73,90,88,44,22,47,48,85,Data Science
71,51,66,78,100,26,34,69,34,90,Data Science
88,48,69,86,79,35,65,43,62,81,Inteligencia Artificial
58,32,38,65,77,98,78,49,48,41,Redes y Telecomunicaciones
41,83,46,40,64,44,36,85,90,78,Gestion de Proyectos
30,90,46,52,50,42,38,73,80,71,Gestion de Proyectos
42,88,45,50,59,24,15,92,89,40,MBA
67,67,52,78,96,21,44,46,41,100,Data Science
21,82,66,32,60,34,11,91,75,52,Marketing Digital
54,56,46,64,44,77,92,42,43,44,Ciberseguridad
35,33,58,69,56,89,67,56,31,48,Redes y Telecomunicaciones
57,58,33,75,75,75,98,32,38,57,Ciberseguridad
71,51,48,86,89,65,30,51,65,74,Desarrollo Software
70,41,93,72,89,47,22,75,53,82,Investigacion Tecnologica
76,70,97,77,81,28,43,80,69,69,Investigacion Tecnologica
93,29,64,84,75,49,33,49,44,85,Inteligencia Artificial
74,56,98,77,89,47,39,60,65,64,Investigacion Tecnologica
62,63,50,75,98,34,41,58,38,100,Data Science
28,69,65,31,89,10,20,53,59,91,Finanzas
65,55,57,97,78,53,60,56,42,51,Desarrollo Software
22,37,40,73,49,96,71,38,59,48,Redes y Telecomunicaciones
61,38,60,88,81,64,67,44,52,61,Desarrollo Software
43,45,90,65,78,43,33,67,43,66,Investigacion Tecnologica
63,65,94,60,71,30,27,73,48,74,Investigacion Tecnologica
95,55,67,100,92,33,58,35,37,97,Inteligencia Artificial
61,69,100,40,83,43,21,59,47,70,Investigacion Tecnologica
26,82,40,49,58,30,24,98,87,58,Marketing Digital
28,90,70,48,52,42,46,75,87,66,Gestion de Proyectos
57,97,43,47,49,31,25,86,77,62,Gestion de Proyectos
57,30,45,51,70,97,61,42,33,36,Redes y Telecomunicaciones
56,97,64,63,66,22,45,62,83,62,Gestion de Proyectos
49,44,44,50,70,96,84,32,37,67,Redes y Telecomunicaciones
70,44,52,64,49,90,91,58,32,43,Ciberseguridad
20,74,59,35,55,37,15,100,83,76,Marketing Digital
22,83,62,66,62,34,44,77,91,54,Gestion de Proyectos
38,84,50,31,42,44,45,72,93,77,Gestion de Proyectos
20,67,64,31,98,10,35,77,63,91,Finanzas
33,96,52,16,62,14,35,99,91,64,MBA
34,74,39,47,35,32,29,94,73,74,Marketing Digital
46,82,48,32,52,28,14,96,90,68,Marketing Digital
41,58,41,53,71,84,91,49,59,41,Ciberseguridad
31,88,56,56,66,17,20,88,85,62,Marketing Digital
32,81,46,49,49,48,46,71,84,54,Gestion de Proyectos
30,80,51,57,93,36,31,55,74,90,Finanzas
70,48,64,94,60,44,65,65,47,52,Desarrollo Software
12,97,46,11,63,17,22,83,98,66,MBA
46,98,40,47,55,32,15,96,93,53,MBA
80,49,37,86,66,32,30,62,60,71,Desarrollo Software
48,92,50,20,52,21,19,93,99,46,MBA
25,56,38,52,52,95,88,61,50,32,Redes y Telecomunicaciones
38,96,39,12,61,18,18,80,94,73,MBA
62,60,53,91,98,48,28,67,37,95,Data Science
45,45,52,63,42,88,99,41,41,56,Ciberseguridad
32,92,57,55,74,30,20,85,86,76,Gestion de Proyectos
52,70,42,57,90,13,28,57,74,93,Finanzas
21,94,58,25,44,30,33,77,91,80,MBA
34,81,46,29,53,28,30,85,90,61,Marketing Digital
21,90,59,46,31,37,34,99,82,65,Marketing Digital
22,87,49,21,63,25,14,82,96,69,MBA
10,96,50,11,62,23,28,97,89,72,MBA
39,99,57,40,68,40,35,79,100,45,MBA
70,59,70,88,83,62,31,59,40,62,Desarrollo Software
57,43,31,77,76,100,85,44,36,37,Redes y Telecomunicaciones
32,93,70,36,61,49,40,67,80,75,Gestion de Proyectos
87,68,62,91,81,40,35,36,49,97,Data Science
85,52,66,95,75,31,58,70,62,97,Inteligencia Artificial
67,31,46,74,75,83,88,54,56,42,Ciberseguridad
53,59,48,87,63,49,69,62,64,55,Desarrollo Software
69,59,42,75,51,96,90,52,60,63,Ciberseguridad
70,43,95,50,78,37,41,75,61,88,Investigacion Tecnologica
59,42,61,87,86,66,68,59,63,71,Desarrollo Software
59,92,42,39,44,22,22,90,86,56,Gestion de Proyectos
90,54,74,87,89,49,40,44,50,93,Inteligencia Artificial
54,47,67,94,67,40,56,59,55,68,Desarrollo Software
48,97,52,36,49,22,40,75,97,68,MBA
45,40,91,65,91,30,22,75,44,64,Investigacion Tecnologica
47,59,35,69,53,83,92,38,34,60,Ciberseguridad
33,87,60,26,49,22,33,79,95,79,MBA
86,23,67,90,89,60,50,48,55,81,Inteligencia Artificial
81,38,57,78,82,24,44,37,41,86,Data Science
47,73,54,33,51,17,30,94,90,62,Marketing Digital
33,87,53,40,80,21,14,93,89,56,MBA
54,41,46,90,88,32,63,53,65,70,Desarrollo Software
36,79,69,41,99,17,13,79,53,81,Finanzas
79,35,61,94,77,61,60,66,40,59,Desarrollo Software
33,85,33,50,62,31,33,80,99,67,MBA
60,74,32,27,46,11,37,96,79,75,Marketing Digital
45,94,54,15,72,30,38,99,97,56,MBA
39,87,64,56,87,26,21,65,59,82,Finanzas
43,98,47,69,68,31,31,88,95,59,Gestion de Proyectos
32,88,38,19,80,30,21,97,85,41,MBA
67,55,37,93,60,42,63,59,44,66,Desarrollo Software
86,34,69,95,78,60,44,38,30,91,Inteligencia Artificial
34,51,43,75,77,82,94,58,40,58,Ciberseguridad
64,37,51,74,97,46,27,67,41,88,Data Science
55,35,45,69,52,89,94,51,34,66,Ciberseguridad
87,28,61,84,91,58,37,54,56,95,Inteligencia Artificial
99,48,56,97,100,57,57,62,38,90,Inteligencia Artificial
100,34,74,97,78,41,62,36,34,96,Inteligencia Artificial
11,93,36,32,59,28,11,85,95,43,MBA
86,51,79,88,97,54,67,58,65,81,Inteligencia Artificial
34,75,56,41,53,12,10,88,81,65,Marketing Digital
34,85,45,41,53,15,23,96,74,60,Marketing Digital
43,86,37,48,43,12,35,89,81,58,Marketing Digital
84,43,72,80,83,50,39,58,35,87,Data Science
76,45,50,70,80,21,50,52,44,91,Data Science
90,66,73,87,85,33,43,33,59,96,Data Science
57,38,36,78,65,91,71,62,30,58,Redes y Telecomunicaciones
25,83,51,40,91,19,19,70,61,79,Finanzas
54,37,37,92,88,37,37,64,40,78,Desarrollo Software
39,97,65,55,77,32,21,69,76,76,Gestion de Proyectos
30,89,66,56,40,14,36,89,82,80,Marketing Digital
71,66,58,72,91,50,40,36,46,90,Data Science
42,60,57,81,80,75,98,60,53,51,Ciberseguridad
58,98,65,44,54,42,33,77,93,77,Gestion de Proyectos
31,52,53,76,48,76,96,36,32,64,Ciberseguridad
32,77,49,37,65,32,14,100,76,70,Marketing Digital
50,87,68,53,45,35,18,98,81,59,Marketing Digital
55,64,40,52,87,36,18,78,53,79,Finanzas
73,31,50,82,83,35,37,52,34,99,Data Science
85,33,68,86,83,55,59,62,32,85,Inteligencia Artificial
70,45,39,70,76,87,95,44,45,43,Ciberseguridad
88,44,64,95,91,48,69,38,54,80,Inteligencia Artificial
89,35,78,80,100,36,63,62,42,98,Inteligencia Artificial
56,99,41,69,41,38,42,86,86,72,Gestion de Proyectos
65,48,79,87,81,36,22,58,56,95,Data Science
61,35,56,95,86,48,31,41,41,73,Desarrollo Software
87,46,79,81,76,26,65,60,30,95,Inteligencia Artificial
56,42,97,56,78,44,31,65,63,90,Investigacion Tecnologica
43,64,46,53,92,32,39,72,59,78,Finanzas
86,51,64,76,85,34,43,56,57,89,Data Science
42,46,99,53,81,34,35,53,64,83,Investigacion Tecnologica
56,54,47,79,63,80,97,31,31,45,Ciberseguridad
51,32,30,91,78,45,68,46,62,56,Desarrollo Software
53,37,48,55,47,92,79,34,69,36,Redes y Telecomunicaciones
27,63,42,49,90,29,37,51,71,88,Finanzas
60,32,37,81,59,89,98,40,52,54,Ciberseguridad
51,42,59,97,83,65,43,68,56,64,Desarrollo Software
49,46,94,65,84,27,47,68,44,60,Investigacion Tecnologica
17,87,30,14,59,22,31,96,90,48,MBA
52,49,39,44,59,87,72,63,46,41,Redes y Telecomunicaciones
51,39,43,69,56,93,94,53,52,58,Ciberseguridad
33,42,49,45,69,94,73,32,57,58,Redes y Telecomunicaciones
88,58,69,72,98,45,38,46,35,86,Data Science
66,40,70,99,78,62,57,68,45,75,Desarrollo Software
32,95,38,44,46,24,33,88,94,61,MBA
52,51,99,71,80,27,22,61,50,60,Investigacion Tecnologica
88,37,58,90,77,31,62,66,35,89,Inteligencia Artificial
63,59,39,98,80,55,70,41,49,75,Desarrollo Software
34,85,60,32,42,47,30,84,89,68,Gestion de Proyectos
70,47,97,68,75,27,28,67,67,65,Investigacion Tecnologica
49,83,42,54,95,39,39,63,78,90,Finanzas
44,56,40,67,65,93,64,35,33,34,Redes y Telecomunicaciones
57,57,95,58,79,34,32,53,57,89,Investigacion Tecnologica
63,42,76,85,91,29,24,35,40,92,Data Science
73,40,74,72,100,22,23,43,45,85,Data Science
51,76,59,52,87,15,33,59,68,78,Finanzas
60,31,51,91,81,37,41,66,68,56,Desarrollo Software
63,60,95,50,86,39,44,70,60,88,Investigacion Tecnologica
85,40,52,87,82,53,51,46,55,80,Inteligencia Artificial
61,65,58,71,88,50,29,61,31,91,Data Science
30,40,37,63,56,95,99,47,56,63,Ciberseguridad
72,43,73,77,81,46,40,35,34,100,Data Science
16,94,36,28,68,25,24,78,99,46,MBA
75,31,41,88,76,40,31,41,67,69,Desarrollo Software
52,47,91,61,74,32,28,76,64,67,Investigacion Tecnologica
57,37,33,65,59,77,95,47,47,41,Ciberseguridad
46,96,49,43,62,27,27,92,98,75,MBA
55,38,38,40,61,98,88,53,53,30,Redes y Telecomunicaciones
95,27,75,96,86,34,30,43,39,84,Inteligencia Artificial
47,40,40,50,50,96,76,35,53,54,Redes y Telecomunicaciones
78,65,62,71,94,44,41,47,31,89,Data Science
23,74,50,45,64,32,10,91,82,78,Marketing Digital
44,79,60,57,96,27,39,67,63,86,Finanzas
55,58,61,91,83,58,30,67,45,51,Desarrollo Software
53,72,60,36,54,39,13,98,80,53,Marketing Digital
34,92,40,45,67,25,28,82,91,50,MBA
49,54,33,80,78,85,65,46,30,60,Redes y Telecomunicaciones
43,79,44,51,100,39,38,78,61,84,Finanzas
36,37,40,63,58,92,88,52,60,46,Ciberseguridad
49,86,55,49,94,37,39,76,50,91,Finanzas
35,49,42,49,45,92,61,33,67,65,Redes y Telecomunicaciones
64,47,97,65,84,44,41,60,53,85,Investigacion Tecnologica
46,79,57,30,31,13,27,94,73,51,Marketing Digital
21,70,46,28,96,28,21,57,60,94,Finanzas
51,32,45,66,44,86,94,48,49,53,Ciberseguridad
70,49,32,82,48,92,89,31,55,61,Ciberseguridad
94,50,80,86,98,53,55,36,65,97,Inteligencia Artificial
93,40,78,96,89,28,58,33,33,86,Inteligencia Artificial
27,96,31,30,42,10,35,82,94,69,MBA
73,51,54,70,99,28,50,55,30,87,Data Science
47,97,70,63,58,33,34,89,92,51,Gestion de Proyectos
46,86,52,68,80,45,35,88,95,79,Gestion de Proyectos
67,38,44,81,52,87,89,31,52,67,Ciberseguridad
59,70,94,72,93,31,26,53,64,62,Investigacion Tecnologica
41,83,56,51,97,20,37,65,66,93,Finanzas
24,81,44,41,47,34,40,81,76,56,Gestion de Proyectos
18,100,56,13,74,22,28,98,92,73,MBA
23,81,61,39,63,30,24,85,93,73,Gestion de Proyectos
62,33,54,93,97,24,43,43,45,98,Data Science
40,77,68,50,35,27,37,95,85,69,Marketing Digital
36,80,49,58,64,35,47,61,79,53,Gestion de Proyectos
88,52,57,86,85,22,29,64,31,100,Data Science
33,85,47,41,62,23,23,84,86,66,MBA
45,40,37,53,62,95,79,32,68,60,Redes y Telecomunicaciones
63,70,56,74,99,30,34,53,57,88,Data Science
57,55,59,57,42,100,81,65,31,58,Redes y Telecomunicaciones
51,49,95,47,95,50,34,53,54,67,Investigacion Tecnologica
64,42,68,78,89,30,32,37,32,97,Data Science
99,26,59,92,98,39,40,65,43,83,Inteligencia Artificial
59,30,68,85,63,64,30,63,40,80,Desarrollo Software
73,50,97,44,83,29,33,55,55,60,Investigacion Tecnologica
88,49,54,90,75,41,37,55,60,100,Inteligencia Artificial
94,30,70,86,97,54,39,37,49,82,Inteligencia Artificial
38,85,68,30,57,36,47,89,90,76,Gestion de Proyectos
22,89,51,51,73,21,21,82,94,63,Gestion de Proyectos
53,54,66,88,81,70,48,58,56,60,Desarrollo Software
38,68,48,22,92,22,37,74,67,91,Finanzas
63,35,30,96,80,63,49,58,46,76,Desarrollo Software
61,50,47,76,56,79,89,56,30,58,Ciberseguridad
30,79,54,28,35,23,25,89,71,60,Marketing Digital
50,48,33,66,66,90,93,45,55,51,Ciberseguridad
17,86,34,27,53,13,28,93,87,69,MBA
60,57,72,85,84,20,46,30,40,88,Data Science
24,87,41,32,47,26,12,96,71,66,Marketing Digital
16,86,58,37,75,25,27,81,88,51,MBA
88,40,67,82,90,29,57,49,38,80,Inteligencia Artificial
46,89,43,44,54,26,45,89,77,77,Gestion de Proyectos
54,53,96,70,92,31,36,75,42,76,Investigacion Tecnologica
30,53,43,62,71,90,65,45,52,47,Redes y Telecomunicaciones
57,53,93,61,80,24,25,50,51,80,Investigacion Tecnologica
96,55,57,87,95,37,65,38,41,100,Inteligencia Artificial
53,48,90,54,75,27,31,59,69,82,Investigacion Tecnologica
27,87,59,34,48,28,17,99,76,65,Marketing Digital
76,48,96,46,89,20,43,53,66,61,Investigacion Tecnologica
53,80,56,48,61,37,48,89,86,75,Gestion de Proyectos
36,79,70,20,58,19,14,97,86,50,Marketing Digital
26,93,43,50,68,20,49,75,79,79,Gestion de Proyectos
61,53,57,82,66,98,88,56,46,48,Ciberseguridad
67,52,74,89,98,32,31,50,34,93,Data Science
37,41,40,49,59,97,77,70,66,65,Redes y Telecomunicaciones
80,52,30,88,72,55,68,67,47,60,Desarrollo Software
34,38,60,56,65,100,82,34,54,68,Redes y Telecomunicaciones
39,79,42,39,99,28,21,52,69,79,Finanzas
73,44,57,72,99,22,29,55,36,94,Data Science
42,63,100,44,73,33,44,54,61,61,Investigacion Tecnologica
23,38,35,75,51,98,75,66,45,32,Redes y Telecomunicaciones
10,87,44,43,56,10,20,86,98,73,MBA
64,58,95,42,93,26,21,66,58,76,Investigacion Tecnologica
47,83,46,37,68,37,48,68,92,59,Gestion de Proyectos
51,78,57,43,70,35,20,96,86,77,Marketing Digital
24,97,61,34,76,37,27,78,91,60,Gestion de Proyectos
72,37,66,90,90,33,43,58,34,90,Data Science
39,89,68,48,90,14,10,68,73,77,Finanzas
25,86,57,41,95,34,40,54,61,92,Finanzas
42,80,53,45,87,11,15,75,65,79,Finanzas
56,88,62,35,63,31,32,100,80,56,Marketing Digital
30,71,44,58,60,37,31,88,77,52,Marketing Digital
25,90,65,54,61,50,26,86,82,63,Gestion de Proyectos
71,63,63,76,96,22,40,34,49,94,Data Science
69,68,57,77,100,45,39,54,51,92,Data Science
23,71,40,38,90,37,29,59,64,79,Finanzas
28,62,51,56,88,38,21,68,54,89,Finanzas
54,45,50,96,74,46,34,43,43,55,Desarrollo Software
36,85,53,58,35,16,16,96,73,60,Marketing Digital
29,93,70,40,67,34,35,88,78,70,Gestion de Proyectos
52,58,99,44,89,33,33,66,40,75,Investigacion Tecnologica
33,89,56,34,38,38,12,99,87,58,Marketing Digital
97,35,57,88,80,54,42,70,36,84,Inteligencia Artificial
53,52,53,55,74,95,75,60,48,47,Redes y Telecomunicaciones
42,63,52,21,87,10,39,65,77,76,Finanzas
51,60,34,100,60,69,53,44,58,57,Desarrollo Software
16,87,57,23,70,10,13,100,95,53,MBA
44,82,43,59,72,28,50,67,90,71,Gestion de Proyectos
40,94,36,13,44,34,39,84,95,71,MBA
44,86,48,42,42,34,12,87,99,75,MBA
86,55,69,89,80,38,45,37,39,88,Inteligencia Artificial
10,100,37,10,70,18,38,98,86,79,MBA
37,53,55,52,51,100,99,54,48,66,Ciberseguridad
70,39,51,77,99,48,27,59,33,93,Data Science
38,56,40,68,48,91,100,59,46,64,Ciberseguridad
40,50,94,41,74,22,46,78,47,76,Investigacion Tecnologica
89,48,54,85,96,48,22,70,39,92,Data Science
71,51,80,82,89,46,34,61,49,94,Data Science
57,40,46,54,57,86,98,34,59,70,Ciberseguridad
20,85,43,42,41,33,23,98,86,61,MBA
71,58,44,89,71,61,65,58,63,71,Desarrollo Software
65,51,93,47,92,23,23,70,47,67,Investigacion Tecnologica
70,50,50,66,49,90,97,57,33,52,Ciberseguridad
27,64,45,20,89,14,40,78,74,79,Finanzas
88,34,61,88,92,40,45,58,56,80,Inteligencia Artificial
35,94,50,67,57,26,42,65,89,66,Gestion de Proyectos
34,85,63,50,45,31,48,82,92,52,Gestion de Proyectos
50,39,40,89,67,70,47,50,53,72,Desarrollo Software
68,60,31,85,53,96,92,37,46,48,Ciberseguridad
47,94,61,62,43,29,48,65,89,59,Gestion de Proyectos
83,59,56,78,90,32,46,48,47,91,Data Science
46,74,51,37,43,17,24,98,87,52,Marketing Digital
57,36,30,54,62,90,75,68,33,53,Redes y Telecomunicaciones
90,42,75,83,98,47,32,63,69,87,Inteligencia Artificial
57,85,51,47,87,28,28,51,72,84,Finanzas
22,85,51,42,70,29,50,72,93,51,Gestion de Proyectos
56,41,43,89,75,70,58,54,60,59,Desarrollo Software
94,39,69,99,83,47,66,57,58,84,Inteligencia Artificial
57,47,91,57,82,25,32,71,69,77,Investigacion Tecnologica
94,54,51,84,99,52,44,37,45,93,Inteligencia Artificial
55,98,52,62,73,49,35,80,89,53,Gestion de Proyectos
45,77,46,52,87,13,24,72,55,78,Finanzas
43,43,92,56,87,22,20,62,67,66,Investigacion Tecnologica
44,47,44,81,44,95,85,30,31,50,Ciberseguridad
91,45,68,91,97,42,30,59,61,100,Inteligencia Artificial
50,41,38,52,42,79,98,55,36,62,Ciberseguridad
99,44,78,91,75,35,39,61,60,82,Inteligencia Artificial
48,59,31,70,68,89,72,68,40,41,Redes y Telecomunicaciones
47,63,51,24,93,19,18,59,70,78,Finanzas
40,75,34,40,57,13,40,98,78,60,Marketing Digital
48,41,48,55,42,98,91,38,58,65,Ciberseguridad
33,86,66,38,89,19,15,64,63,89,Finanzas
31,38,60,40,40,94,68,66,46,32,Redes y Telecomunicaciones
64,48,40,64,63,82,100,39,50,51,Ciberseguridad
26,75,53,51,95,38,35,70,67,76,Finanzas
22,74,44,34,87,40,21,61,75,80,Finanzas
82,42,55,81,80,37,42,38,54,89,Data Science
14,90,58,36,76,32,32,87,97,75,MBA
64,44,92,75,75,23,49,53,44,73,Investigacion Tecnologica
28,80,34,52,48,15,26,99,87,64,Marketing Digital
89,46,59,72,95,43,36,59,59,95,Data Science
94,36,77,86,79,48,31,39,33,94,Inteligencia Artificial
42,75,59,54,99,33,36,54,52,82,Finanzas
53,43,54,65,77,94,85,63,62,45,Redes y Telecomunicaciones
52,80,62,52,54,29,23,98,78,67,Marketing Digital
46,98,45,13,62,30,33,95,88,52,MBA
70,47,42,53,67,92,92,45,42,64,Ciberseguridad
37,81,62,61,50,27,38,72,77,54,Gestion de Proyectos
66,56,44,62,47,93,100,33,32,43,Ciberseguridad
68,30,57,82,71,92,91,51,32,68,Ciberseguridad
24,37,31,54,65,91,83,43,35,34,Redes y Telecomunicaciones
30,63,57,46,96,39,27,54,71,84,Finanzas
47,36,52,78,50,93,94,58,47,53,Ciberseguridad
78,41,67,71,83,30,28,52,51,93,Data Science
100,38,50,96,79,56,43,41,32,98,Inteligencia Artificial
29,84,35,42,70,26,33,86,75,51,Marketing Digital
67,53,36,99,60,32,37,55,56,57,Desarrollo Software
53,46,69,95,66,39,60,54,57,72,Desarrollo Software
52,45,45,100,78,58,62,63,41,62,Desarrollo Software
60,79,66,32,98,38,32,76,69,76,Finanzas
26,80,69,53,86,37,18,63,52,86,Finanzas
13,89,35,38,44,37,36,96,96,51,MBA
34,80,63,62,40,35,34,75,81,65,Gestion de Proyectos
64,43,45,100,80,65,42,52,56,70,Desarrollo Software
33,44,49,54,60,95,85,61,59,57,Redes y Telecomunicaciones
56,39,34,80,80,94,66,35,54,31,Redes y Telecomunicaciones
53,75,68,60,95,39,39,57,78,90,Finanzas
93,53,65,94,93,43,37,38,56,86,Inteligencia Artificial
21,83,66,20,68,16,38,86,83,68,Marketing Digital
94,42,60,84,85,43,62,53,32,83,Inteligencia Artificial
66,50,35,51,43,86,97,42,55,41,Ciberseguridad
77,41,55,70,99,29,36,38,36,99,Data Science
88,68,50,85,92,47,23,66,35,87,Data Science
58,55,32,54,45,92,94,40,45,64,Ciberseguridad
61,54,39,79,65,97,99,34,47,52,Ciberseguridad
76,45,63,71,82,30,30,34,44,86,Data Science
20,58,38,71,57,89,85,32,66,47,Redes y Telecomunicaciones
69,68,92,75,89,31,33,78,49,73,Investigacion Tecnologica
33,95,33,15,51,11,18,98,88,59,MBA
28,75,54,34,94,18,36,68,73,82,Finanzas
20,57,54,80,58,89,90,52,53,34,Redes y Telecomunicaciones
98,40,51,81,76,33,69,60,53,99,Inteligencia Artificial
12,96,40,38,68,18,11,77,85,44,MBA
56,44,91,53,77,26,45,55,55,73,Investigacion Tecnologica
58,61,97,59,80,33,34,69,61,82,Investigacion Tecnologica
40,60,100,42,85,42,49,54,62,75,Investigacion Tecnologica
58,88,59,51,56,50,27,82,91,52,Gestion de Proyectos
90,55,73,92,97,25,41,46,58,89,Data Science
67,56,51,74,65,88,89,46,44,68,Ciberseguridad
41,90,65,53,93,35,30,55,60,90,Finanzas
65,47,98,47,88,23,45,73,63,84,Investigacion Tecnologica
95,57,54,99,75,55,47,67,44,98,Inteligencia Artificial
61,56,90,78,71,41,22,59,43,70,Investigacion Tecnologica
38,88,34,11,54,18,39,80,91,61,MBA
54,57,41,66,65,78,93,53,57,54,Ciberseguridad
36,80,41,54,56,33,33,76,77,73,Gestion de Proyectos
25,91,64,56,54,37,48,78,83,74,Gestion de Proyectos
79,62,97,72,71,49,26,65,43,76,Investigacion Tecnologica
36,88,69,39,69,19,15,99,73,55,Marketing Digital
37,89,58,60,66,31,27,97,78,50,Marketing Digital
45,45,32,59,45,84,92,57,44,50,Ciberseguridad
28,34,35,64,59,86,79,32,51,34,Redes y Telecomunicaciones
80,41,91,70,79,26,37,66,60,84,Investigacion Tecnologica
54,39,43,86,61,61,32,46,42,76,Desarrollo Software
76,52,71,82,98,29,43,67,46,87,Data Science
78,52,53,98,71,56,43,52,48,54,Desarrollo Software
88,35,79,94,96,28,37,69,70,100,Inteligencia Artificial
32,33,44,56,55,75,92,51,53,46,Ciberseguridad
52,43,35,66,55,90,67,51,67,47,Redes y Telecomunicaciones
41,76,56,23,90,15,17,75,55,75,Finanzas
66,48,91,78,74,50,24,59,59,60,Investigacion Tecnologica
46,74,42,33,66,11,34,97,72,77,Marketing Digital
88,41,53,78,94,50,40,63,32,93,Data Science
54,89,33,26,50,15,15,98,79,61,Marketing Digital
59,45,70,90,69,44,51,47,49,50,Desarrollo Software
43,60,100,65,79,38,30,61,70,67,Investigacion Tecnologica
59,87,54,63,79,25,24,62,83,63,Gestion de Proyectos
46,77,40,20,86,17,39,69,75,78,Finanzas
61,57,53,97,72,65,64,52,44,67,Desarrollo Software
42,60,94,60,91,37,41,70,51,71,Investigacion Tecnologica
50,91,51,26,47,33,36,78,89,53,MBA
88,52,79,82,81,60,70,51,52,84,Inteligencia Artificial
16,95,41,37,41,38,26,88,88,58,MBA
54,75,42,23,41,22,13,98,74,79,Marketing Digital
17,87,45,13,62,25,39,92,95,75,MBA
35,31,40,72,49,77,100,45,32,64,Ciberseguridad
33,92,50,12,61,11,33,78,99,60,MBA
54,59,52,96,62,65,33,69,68,57,Desarrollo Software
22,80,32,56,70,32,34,90,85,71,Marketing Digital
53,39,38,64,60,75,96,59,34,53,Ciberseguridad
76,66,53,83,91,22,33,47,58,85,Data Science
92,23,59,91,78,50,65,51,69,89,Inteligencia Artificial
57,32,49,53,44,89,100,50,55,44,Ciberseguridad
56,87,61,52,64,43,38,85,84,56,Gestion de Proyectos
29,93,54,57,66,23,44,79,80,79,Gestion de Proyectos
56,30,37,89,73,37,58,53,49,60,Desarrollo Software
87,57,80,80,96,39,69,49,69,90,Inteligencia Artificial
72,48,70,72,90,28,26,52,39,85,Data Science
92,29,64,83,77,25,51,40,56,81,Inteligencia Artificial
49,57,97,68,95,29,46,56,65,90,Investigacion Tecnologica
40,80,52,64,41,22,45,71,76,79,Gestion de Proyectos
66,60,68,93,89,43,20,47,34,91,Data Science
20,77,64,54,99,25,26,56,62,83,Finanzas
52,38,56,63,70,96,67,51,41,54,Redes y Telecomunicaciones
52,75,41,46,44,13,12,98,88,53,Marketing Digital
52,86,42,36,65,39,49,71,83,56,Gestion de Proyectos
33,70,48,32,38,16,28,90,72,73,Marketing Digital
57,89,61,44,48,22,43,67,87,70,Gestion de Proyectos
79,36,68,91,82,33,33,54,70,50,Desarrollo Software
78,52,75,71,97,45,35,40,59,91,Data Science
56,44,31,98,65,45,50,45,44,62,Desarrollo Software
52,83,57,66,50,28,23,85,85,77,Gestion de Proyectos
20,47,53,43,59,87,69,33,48,52,Redes y Telecomunicaciones
42,73,54,40,35,13,24,98,71,57,Marketing Digital
60,64,99,68,95,50,22,51,46,80,Investigacion Tecnologica
25,86,36,29,42,39,37,100,92,58,MBA
90,29,58,89,82,37,51,68,46,100,Inteligencia Artificial
26,62,59,52,95,37,20,78,60,77,Finanzas
24,70,58,23,98,10,29,65,59,83,Finanzas
80,67,96,55,77,24,29,77,64,89,Investigacion Tecnologica
62,40,70,95,86,37,28,38,45,97,Data Science
79,30,45,97,87,34,68,63,48,55,Desarrollo Software
47,95,56,55,76,35,21,66,79,75,Gestion de Proyectos
80,32,68,93,92,34,34,63,48,88,Data Science
26,55,38,73,42,87,70,63,61,60,Redes y Telecomunicaciones
37,84,47,65,47,42,35,62,93,55,Gestion de Proyectos
40,80,35,41,47,33,16,99,87,65,Marketing Digital
38,57,43,68,63,94,60,44,51,32,Redes y Telecomunicaciones
54,59,55,86,65,61,60,46,53,72,Desarrollo Software
49,52,98,61,84,49,33,66,55,67,Investigacion Tecnologica
21,75,31,52,43,28,25,86,76,56,Marketing Digital
99,58,72,93,86,23,66,51,31,85,Inteligencia Artificial
17,90,31,20,79,38,23,96,89,77,MBA
23,80,63,37,99,33,38,53,59,93,Finanzas
49,40,95,80,87,36,29,57,47,77,Investigacion Tecnologica
60,55,66,72,87,48,45,55,38,86,Data Science
48,54,41,60,56,90,60,59,39,64,Redes y Telecomunicaciones
49,51,53,64,50,94,92,57,36,42,Ciberseguridad
60,86,55,39,34,28,27,91,85,59,Marketing Digital
24,76,59,35,52,33,39,89,73,78,Marketing Digital
65,68,98,74,93,37,34,55,44,90,Investigacion Tecnologica
57,39,44,64,43,88,67,61,56,41,Redes y Telecomunicaciones
79,47,56,88,100,40,50,36,37,86,Data Science
58,97,51,37,55,24,43,72,75,80,Gestion de Proyectos
29,36,31,74,44,88,74,50,38,41,Redes y Telecomunicaciones
21,65,46,39,95,20,28,57,55,78,Finanzas
47,84,45,33,34,19,23,94,82,57,Marketing Digital
58,78,68,45,92,18,16,58,67,85,Finanzas
94,49,71,84,82,49,49,57,49,98,Inteligencia Artificial
36,60,46,50,57,100,93,36,47,50,Ciberseguridad
32,73,60,45,93,24,17,62,67,88,Finanzas
30,32,59,76,72,86,99,36,33,45,Ciberseguridad
30,87,53,49,64,20,23,88,100,78,MBA
58,80,62,29,34,28,28,87,80,60,Marketing Digital
69,31,76,70,91,38,23,45,36,99,Data Science
68,48,64,88,88,49,53,69,68,64,Desarrollo Software
25,100,35,17,67,19,40,79,91,55,MBA
44,46,37,55,79,90,80,40,40,70,Redes y Telecomunicaciones
25,45,49,50,79,94,71,66,55,32,Redes y Telecomunicaciones
42,83,63,66,54,29,24,90,88,67,Gestion de Proyectos
76,52,76,89,81,50,34,46,52,92,Data Science
53,59,93,70,75,43,46,80,58,67,Investigacion Tecnologica
23,60,42,63,60,98,68,65,35,36,Redes y Telecomunicaciones
27,85,56,38,64,35,32,94,81,53,Marketing Digital
32,60,33,43,48,95,84,42,47,56,Redes y Telecomunicaciones
57,51,58,58,79,75,86,49,52,41,Ciberseguridad
48,100,36,46,64,29,34,92,85,58,MBA
26,70,48,31,31,13,26,88,86,50,Marketing Digital
33,91,45,10,78,10,39,100,93,40,MBA
38,86,31,22,52,35,30,90,70,55,Marketing Digital
22,42,58,51,77,85,83,38,46,47,Redes y Telecomunicaciones
22,89,63,45,96,14,35,70,52,78,Finanzas
57,32,51,66,66,91,81,54,40,68,Redes y Telecomunicaciones
55,82,38,37,59,28,35,89,87,66,Marketing Digital
34,100,39,35,78,28,40,98,99,62,MBA
76,47,30,92,89,56,64,64,43,55,Desarrollo Software
86,50,58,95,86,34,33,49,47,82,Inteligencia Artificial
25,93,59,42,70,39,38,95,95,45,MBA
54,49,49,51,73,77,92,38,40,52,Ciberseguridad
56,54,99,79,86,22,46,76,60,71,Investigacion Tecnologica
85,68,52,92,83,49,24,48,37,100,Data Science
21,80,47,55,70,19,24,99,70,54,Marketing Digital
49,58,97,41,85,36,45,68,63,74,Investigacion Tecnologica
46,86,54,45,80,14,17,90,95,59,MBA
58,84,70,53,41,50,44,80,85,66,Gestion de Proyectos
32,37,46,64,72,79,97,46,59,52,Ciberseguridad
75,55,46,95,64,35,43,45,56,73,Desarrollo Software
31,56,45,66,72,84,99,30,37,45,Ciberseguridad
97,22,71,100,83,33,66,44,39,91,Inteligencia Artificial
59,33,59,96,80,32,46,41,59,65,Desarrollo Software
62,38,39,61,59,89,90,39,31,69,Ciberseguridad
52,85,38,25,67,16,30,100,85,74,Marketing Digital
21,35,47,50,55,97,86,45,60,32,Redes y Telecomunicaciones
54,41,32,82,79,91,93,54,56,40,Ciberseguridad
35,87,44,39,88,23,13,75,59,76,Finanzas
89,22,51,84,96,57,57,70,61,81,Inteligencia Artificial
61,33,43,97,90,60,38,49,58,79,Desarrollo Software
65,44,72,77,84,32,32,55,42,95,Data Science
52,91,59,44,46,20,38,89,79,71,Gestion de Proyectos
85,59,57,93,85,51,43,45,42,86,Inteligencia Artificial
21,97,62,57,68,47,31,61,82,70,Gestion de Proyectos
72,67,77,78,88,31,31,32,55,99,Data Science
96,21,80,95,89,34,58,32,36,82,Inteligencia Artificial
60,58,59,95,79,45,54,49,40,71,Desarrollo Software
28,81,70,57,98,30,10,60,51,80,Finanzas
46,86,35,11,77,29,10,77,91,41,MBA
30,75,51,35,50,30,39,94,73,78,Marketing Digital
31,86,55,48,98,12,25,55,65,90,Finanzas
28,100,33,34,59,36,20,86,92,56,MBA
52,91,53,54,54,29,44,63,75,74,Gestion de Proyectos
57,45,60,61,56,96,91,40,58,68,Ciberseguridad
49,43,60,63,50,86,86,70,33,31,Redes y Telecomunicaciones
74,46,98,42,94,26,45,79,50,78,Investigacion Tecnologica
25,81,56,45,68,39,36,74,82,77,Gestion de Proyectos
64,33,51,77,79,92,92,30,32,61,Ciberseguridad
40,84,64,32,47,21,14,94,90,80,Marketing Digital
53,71,51,45,31,10,17,95,89,63,Marketing Digital
76,58,58,86,85,70,42,68,48,78,Desarrollo Software
56,42,53,69,44,99,100,33,46,49,Ciberseguridad
56,41,36,65,73,90,80,30,68,62,Redes y Telecomunicaciones
65,60,68,91,84,70,60,53,68,53,Desarrollo Software
26,77,69,54,45,19,35,90,89,64,Marketing Digital
28,35,37,50,74,94,85,70,52,70,Redes y Telecomunicaciones
25,80,68,52,96,38,15,55,73,91,Finanzas
60,45,59,86,86,61,69,68,44,61,Desarrollo Software
80,68,65,94,97,29,48,56,50,95,Data Science
76,48,67,87,91,25,28,35,45,99,Data Science
55,85,49,39,86,20,12,57,78,88,Finanzas
41,49,34,62,50,81,99,53,56,53,Ciberseguridad
56,66,43,37,86,14,33,50,66,76,Finanzas
36,75,47,31,53,21,20,91,76,67,Marketing Digital
78,47,31,93,66,64,53,52,57,72,Desarrollo Software
50,42,96,40,70,39,27,65,66,72,Investigacion Tecnologica
44,68,49,35,97,11,12,66,77,83,Finanzas
53,53,42,47,77,93,68,46,42,53,Redes y Telecomunicaciones
90,34,59,92,90,22,44,68,38,92,Data Science
45,91,35,41,57,13,32,82,86,74,MBA
78,35,61,70,97,36,41,45,46,99,Data Science
50,87,66,56,43,36,30,63,87,57,Gestion de Proyectos
78,53,35,87,78,33,55,40,56,74,Desarrollo Software
40,48,45,43,51,92,66,48,58,51,Redes y Telecomunicaciones
42,38,44,65,44,91,64,45,42,63,Redes y Telecomunicaciones
32,91,43,24,48,34,25,98,85,80,MBA
61,41,97,51,81,36,22,76,57,60,Investigacion Tecnologica
63,57,66,87,90,70,60,40,54,51,Desarrollo Software
63,39,58,94,67,36,46,70,60,80,Desarrollo Software
25,31,45,72,68,88,63,62,70,48,Redes y Telecomunicaciones
26,86,65,59,73,35,25,62,94,80,Gestion de Proyectos
89,60,53,80,96,47,48,35,37,97,Data Science
52,42,98,47,75,40,28,60,67,72,Investigacion Tecnologica
52,46,51,74,44,98,72,43,44,66,Redes y Telecomunicaciones
39,65,69,44,91,32,31,58,52,78,Finanzas
28,43,45,45,55,89,73,55,51,47,Redes y Telecomunicaciones
48,84,46,53,41,36,33,67,86,73,Gestion de Proyectos
41,90,30,10,79,34,17,98,91,40,MBA
78,49,63,91,89,30,48,70,38,86,Data Science
35,62,69,37,100,27,14,57,72,84,Finanzas
44,53,59,54,45,91,90,55,50,35,Redes y Telecomunicaciones
50,82,38,51,63,14,20,92,78,65,Marketing Digital
47,86,36,17,58,26,28,97,90,55,MBA
72,47,91,80,76,28,41,73,68,73,Investigacion Tecnologica
33,40,52,42,48,91,84,65,30,38,Redes y Telecomunicaciones
93,60,58,88,81,24,49,43,69,89,Inteligencia Artificial
35,91,66,41,78,49,33,82,83,78,Gestion de Proyectos
52,67,93,47,90,27,23,50,42,70,Investigacion Tecnologica
24,72,52,60,54,13,34,89,81,75,Marketing Digital
75,49,73,92,85,41,47,39,55,97,Data Science
46,43,45,75,45,89,96,39,34,66,Ciberseguridad
69,60,31,52,53,85,90,48,46,61,Ciberseguridad
46,52,41,80,73,95,83,46,58,59,Redes y Telecomunicaciones
21,71,38,31,37,12,36,85,87,74,Marketing Digital
48,83,39,51,69,21,23,99,80,70,Marketing Digital
39,45,41,74,45,93,85,58,58,40,Ciberseguridad
78,50,55,73,97,28,46,54,31,97,Data Science
22,75,65,38,100,19,12,63,54,79,Finanzas
39,90,63,24,85,19,12,63,78,95,Finanzas
54,84,57,37,77,27,48,67,85,55,Gestion de Proyectos
15,94,40,29,79,10,21,95,91,80,MBA
39,100,32,42,73,12,19,96,85,57,MBA
36,36,50,73,65,92,86,43,56,41,Ciberseguridad
40,41,95,41,77,34,49,65,66,69,Investigacion Tecnologica
77,48,94,73,74,50,22,60,58,88,Investigacion Tecnologica
73,54,55,80,87,44,27,32,39,99,Data Science
68,66,79,88,92,38,47,60,50,87,Data Science
58,80,49,30,44,30,16,99,74,74,Marketing Digital
49,85,49,50,98,33,22,74,64,88,Finanzas
41,76,46,56,87,39,27,50,62,94,Finanzas
45,60,44,61,51,97,85,57,30,51,Redes y Telecomunicaciones
26,86,43,63,73,32,25,60,76,71,Gestion de Proyectos
24,93,59,32,60,20,30,75,85,68,Gestion de Proyectos
86,50,72,73,96,49,48,56,52,87,Data Science
71,47,94,74,80,31,31,76,56,90,Investigacion Tecnologica
42,66,100,57,88,48,27,54,48,67,Investigacion Tecnologica
43,87,30,36,71,21,33,98,93,76,MBA
59,80,51,42,100,37,32,60,51,75,Finanzas
25,87,68,42,34,35,26,86,78,62,Marketing Digital
32,97,68,32,80,39,36,75,76,62,Gestion de Proyectos
88,35,55,84,82,48,62,69,45,88,Inteligencia Artificial
40,58,45,47,41,87,89,54,65,52,Redes y Telecomunicaciones
28,94,67,48,73,50,37,80,77,79,Gestion de Proyectos
61,62,93,61,85,38,25,70,43,81,Investigacion Tecnologica
40,86,55,46,73,46,34,67,82,70,Gestion de Proyectos
34,87,46,32,67,27,37,93,94,55,MBA
10,99,41,22,40,38,33,77,94,61,MBA
67,43,61,71,80,27,35,57,31,100,Data Science
73,43,52,89,64,41,43,40,61,61,Desarrollo Software
65,39,46,92,79,41,62,41,60,66,Desarrollo Software
59,84,46,33,76,38,32,82,76,76,Gestion de Proyectos
59,90,57,29,86,27,37,65,66,85,Finanzas
46,41,40,54,58,100,61,42,30,70,Redes y Telecomunicaciones
75,47,96,73,76,40,45,62,56,65,Investigacion Tecnologica
43,30,60,80,79,98,93,50,55,53,Ciberseguridad
60,40,61,89,97,33,33,43,56,100,Data Science
49,90,51,46,34,18,33,94,75,73,Marketing Digital
50,33,55,51,54,96,83,67,65,53,Redes y Telecomunicaciones
64,63,70,84,89,37,26,41,48,98,Data Science
21,41,31,47,72,88,86,50,65,63,Redes y Telecomunicaciones
35,91,49,53,42,32,23,67,78,55,Gestion de Proyectos
56,60,58,73,77,80,88,51,49,42,Ciberseguridad
69,57,66,93,61,64,59,48,44,78,Desarrollo Software
20,70,40,45,53,18,36,91,83,80,Marketing Digital
84,36,79,89,100,35,38,50,43,89,Data Science
20,72,55,60,95,23,11,62,64,87,Finanzas
81,46,54,74,87,40,36,41,35,86,Data Science
25,41,39,57,75,90,68,57,68,48,Redes y Telecomunicaciones
69,37,58,64,79,100,85,44,53,64,Ciberseguridad
44,86,62,64,80,23,24,78,83,55,Gestion de Proyectos
85,40,70,84,90,27,69,52,41,85,Inteligencia Artificial
97,33,78,86,94,60,44,35,50,99,Inteligencia Artificial
45,100,41,31,80,37,35,78,78,52,Gestion de Proyectos
34,87,70,38,86,28,40,50,72,82,Finanzas
93,29,60,83,89,49,34,61,68,84,Inteligencia Artificial
28,64,49,37,90,11,22,56,51,78,Finanzas
49,47,46,66,66,91,85,59,41,64,Redes y Telecomunicaciones
64,67,53,73,97,50,27,57,35,96,Data Science
65,30,39,83,68,96,94,56,54,57,Ciberseguridad
89,22,59,97,90,21,48,42,65,81,Inteligencia Artificial
29,55,31,41,70,97,64,58,64,42,Redes y Telecomunicaciones
64,44,94,70,87,48,48,74,67,73,Investigacion Tecnologica
49,85,68,55,54,32,38,98,83,74,Marketing Digital
95,34,55,86,92,59,40,47,56,80,Inteligencia Artificial
58,49,96,77,83,31,42,72,41,68,Investigacion Tecnologica
52,87,44,24,31,17,29,87,84,56,Marketing Digital
30,69,59,21,95,34,25,54,74,94,Finanzas
72,56,69,97,86,59,44,66,49,72,Desarrollo Software
91,38,64,99,100,59,47,65,33,94,Inteligencia Artificial
33,80,41,59,56,27,21,92,73,75,Marketing Digital
41,64,99,56,75,46,43,71,54,72,Investigacion Tecnologica
25,84,68,53,90,20,17,80,58,88,Finanzas
32,70,59,32,32,37,25,99,82,60,Marketing Digital
62,44,99,65,87,33,28,68,43,66,Investigacion Tecnologica
47,66,100,50,78,29,42,50,55,60,Investigacion Tecnologica
53,86,43,47,46,39,38,86,76,80,Marketing Digital
76,50,79,74,91,42,50,69,53,86,Data Science
74,42,79,83,91,50,31,32,51,94,Data Science
57,78,66,51,47,21,36,99,82,56,Marketing Digital
92,38,80,81,76,60,52,61,70,86,Inteligencia Artificial
67,55,65,95,63,38,63,50,59,74,Desarrollo Software
55,47,39,51,52,81,98,47,50,66,Ciberseguridad
22,41,45,54,64,100,69,32,57,34,Redes y Telecomunicaciones
48,89,43,19,80,11,20,93,86,60,MBA
46,40,36,56,78,100,86,54,58,59,Redes y Telecomunicaciones
36,86,60,59,93,22,11,58,62,92,Finanzas
49,87,49,20,76,40,18,97,85,55,MBA
44,87,54,70,70,31,45,67,81,70,Gestion de Proyectos
36,95,53,21,55,23,10,98,97,63,MBA
53,54,99,43,71,39,28,68,59,79,Investigacion Tecnologica
72,60,59,82,92,29,46,56,58,92,Data Science
87,29,58,83,82,23,35,31,33,81,Inteligencia Artificial
39,80,65,46,63,24,12,97,73,78,Marketing Digital
79,58,45,89,87,44,39,47,49,61,Desarrollo Software
53,48,57,42,73,95,60,69,65,67,Redes y Telecomunicaciones
56,76,59,35,88,32,32,58,54,90,Finanzas
22,73,39,26,34,21,16,99,76,80,Marketing Digital
69,44,67,89,68,64,37,59,56,52,Desarrollo Software
39,96,57,39,68,43,36,77,82,70,Gestion de Proyectos
70,32,51,79,92,38,35,37,51,100,Data Science
63,53,45,92,76,33,37,45,53,62,Desarrollo Software
51,44,47,51,40,99,68,58,38,57,Redes y Telecomunicaciones
36,78,47,49,92,17,38,52,67,78,Finanzas
11,95,43,44,41,25,10,75,91,66,MBA
61,60,97,56,80,23,37,71,65,83,Investigacion Tecnologica
56,92,66,63,50,40,41,61,78,52,Gestion de Proyectos
64,34,46,76,55,91,94,54,55,56,Ciberseguridad
13,85,45,32,49,25,13,80,87,45,MBA
91,21,66,96,76,49,70,43,33,98,Inteligencia Artificial
57,47,45,65,46,99,88,44,46,62,Ciberseguridad
32,90,52,22,96,17,17,64,79,94,Finanzas
95,47,64,83,83,60,42,51,61,82,Inteligencia Artificial
26,74,53,44,49,25,34,85,75,80,Marketing Digital
29,95,54,30,65,18,37,79,90,79,MBA
66,49,53,73,85,25,50,34,57,90,Data Science
99,35,74,95,97,21,56,58,67,97,Inteligencia Artificial
38,58,60,56,69,100,74,40,41,54,Redes y Telecomunicaciones
54,36,31,80,69,97,69,46,41,30,Redes y Telecomunicaciones
63,41,43,50,51,87,90,44,35,40,Ciberseguridad
58,44,55,94,84,58,35,55,63,51,Desarrollo Software
65,49,46,71,79,87,89,33,43,48,Ciberseguridad
41,50,48,65,65,96,77,45,36,37,Redes y Telecomunicaciones
60,36,63,92,68,47,42,53,56,75,Desarrollo Software
70,37,38,99,63,61,41,58,63,50,Desarrollo Software
59,92,56,51,41,28,44,80,93,59,Gestion de Proyectos
77,44,97,55,78,22,48,60,43,63,Investigacion Tecnologica
56,42,97,52,70,47,24,55,52,61,Investigacion Tecnologica
52,88,38,27,55,30,28,94,70,52,Marketing Digital
27,85,69,21,66,18,20,94,76,58,Marketing Digital
33,72,40,57,91,17,20,73,80,83,Finanzas
43,87,45,22,85,37,16,55,77,91,Finanzas
60,54,34,73,71,99,98,56,41,51,Ciberseguridad
27,68,62,39,90,20,15,80,78,79,Finanzas
46,54,41,52,78,99,76,59,35,49,Redes y Telecomunicaciones
68,42,98,68,76,33,38,71,68,90,Investigacion Tecnologica
35,49,49,50,76,100,96,35,40,63,Ciberseguridad
27,90,56,41,75,50,23,85,83,52,Gestion de Proyectos
54,50,43,46,80,93,81,42,69,37,Redes y Telecomunicaciones
24,86,50,47,75,11,20,100,100,71,MBA
49,70,58,59,63,11,39,100,78,59,Marketing Digital
86,41,72,80,96,46,36,66,39,85,Data Science
12,85,58,15,80,26,36,89,94,48,MBA
75,37,77,70,82,34,28,41,38,96,Data Science
45,54,35,57,43,88,76,55,62,54,Redes y Telecomunicaciones
26,99,44,49,61,26,40,89,100,60,MBA
56,80,48,40,48,36,46,70,83,63,Gestion de Proyectos
65,56,73,94,87,29,34,37,54,90,Data Science
80,51,93,69,81,40,40,69,56,86,Investigacion Tecnologica
25,87,30,40,58,40,14,95,93,52,MBA
75,36,60,84,80,28,23,67,53,100,Data Science
60,57,44,42,46,100,65,49,64,63,Redes y Telecomunicaciones
35,76,44,26,40,22,31,90,73,77,Marketing Digital
41,57,41,72,68,86,69,47,38,30,Redes y Telecomunicaciones
88,49,50,75,95,39,43,52,58,98,Data Science
65,53,60,81,47,77,90,51,59,64,Ciberseguridad
43,87,55,46,58,24,28,94,85,74,Marketing Digital
69,47,34,92,72,50,41,57,62,65,Desarrollo Software
40,96,47,49,40,36,14,78,94,52,MBA
45,60,41,75,67,88,90,56,43,59,Ciberseguridad
99,42,53,85,81,36,44,37,64,80,Inteligencia Artificial
54,84,63,25,87,21,29,62,73,92,Finanzas
28,75,69,20,85,25,23,75,55,85,Finanzas
57,48,94,50,80,38,36,51,51,69,Investigacion Tecnologica
72,34,80,83,99,40,22,60,58,87,Data Science
57,61,47,38,87,37,27,58,69,89,Finanzas
84,44,74,83,88,27,46,49,32,97,Data Science
69,41,64,91,97,42,41,65,32,97,Data Science
58,39,32,82,43,90,93,60,54,68,Ciberseguridad
93,55,78,85,83,56,67,53,63,93,Inteligencia Artificial
40,78,57,47,90,38,34,62,69,90,Finanzas
49,48,53,63,61,99,89,46,47,61,Ciberseguridad
79,57,67,87,85,36,47,41,51,60,Desarrollo Software
85,37,53,97,76,47,70,70,54,91,Inteligencia Artificial
56,53,43,81,68,91,97,46,39,46,Ciberseguridad
57,48,35,95,71,40,64,54,57,61,Desarrollo Software
37,89,45,21,51,21,34,96,99,53,MBA
26,58,54,67,66,96,77,64,62,31,Redes y Telecomunicaciones
71,59,67,99,76,43,39,46,57,70,Desarrollo Software
55,74,56,55,60,20,11,90,76,50,Marketing Digital
20,79,31,36,54,35,17,96,81,51,Marketing Digital
100,36,68,89,83,27,35,67,35,100,Inteligencia Artificial
55,32,41,53,53,89,99,41,33,51,Ciberseguridad
48,85,44,36,53,25,27,85,96,77,MBA
89,21,78,98,79,50,61,38,62,88,Inteligencia Artificial
23,83,68,24,41,15,33,91,90,60,Marketing Digital
84,44,67,76,84,42,48,55,35,95,Data Science
88,31,63,80,85,24,48,56,37,93,Inteligencia Artificial
44,88,48,39,44,34,20,93,88,55,MBA
26,90,63,62,57,43,50,87,94,52,Gestion de Proyectos
39,82,52,27,42,37,35,98,71,79,Marketing Digital
29,86,56,27,36,36,13,97,89,73,Marketing Digital
24,71,47,58,85,12,15,66,80,86,Finanzas
92,35,71,90,78,49,42,68,41,93,Inteligencia Artificial
61,49,98,64,90,40,36,52,65,60,Investigacion Tecnologica
18,89,38,46,41,33,40,82,87,65,MBA
42,72,57,50,69,32,23,85,90,63,Marketing Digital
69,41,68,87,70,45,36,50,51,56,Desarrollo Software
41,77,66,31,96,24,31,69,73,86,Finanzas
29,97,63,52,52,45,45,62,92,78,Gestion de Proyectos
19,85,52,26,69,38,31,77,99,49,MBA
26,90,51,39,63,38,23,99,94,47,MBA
20,94,57,42,53,40,33,78,89,66,Gestion de Proyectos
74,57,53,81,100,21,36,69,35,86,Data Science
36,34,60,60,79,84,89,49,31,54,Ciberseguridad
77,54,59,91,99,31,23,51,36,99,Data Science
67,33,80,92,88,37,46,44,52,95,Data Science
27,36,57,46,58,95,75,66,66,51,Redes y Telecomunicaciones
88,55,61,85,80,24,45,54,38,85,Data Science
36,85,50,69,71,26,22,82,90,71,Gestion de Proyectos
51,33,70,91,60,47,38,57,55,59,Desarrollo Software
30,98,33,46,48,13,13,84,85,49,MBA
28,92,30,38,73,10,20,81,91,79,MBA
63,40,53,52,47,88,94,57,43,62,Ciberseguridad
49,72,57,44,87,39,18,56,56,75,Finanzas
87,34,54,97,90,31,54,55,42,100,Inteligencia Artificial
62,67,98,41,76,41,38,69,68,82,Investigacion Tecnologica
62,57,47,89,64,30,54,44,59,52,Desarrollo Software
22,75,56,36,37,30,24,100,84,72,Marketing Digital
37,92,46,60,62,26,32,63,77,67,Gestion de Proyectos
48,45,93,44,86,26,49,68,50,83,Investigacion Tecnologica
40,96,45,35,43,10,30,76,98,60,MBA
53,46,39,79,50,90,76,45,50,52,Redes y Telecomunicaciones
38,71,59,30,39,24,39,98,82,50,Marketing Digital
19,88,33,48,51,12,15,84,98,79,MBA
43,94,53,59,80,31,48,90,84,65,Gestion de Proyectos
57,81,46,43,58,35,26,92,72,62,Marketing Digital
66,49,50,62,62,83,93,58,44,41,Ciberseguridad
43,88,63,32,65,37,25,98,72,62,Marketing Digital
31,87,39,33,68,20,10,92,75,67,Marketing Digital
24,47,34,80,41,95,72,62,56,65,Redes y Telecomunicaciones
64,54,97,41,77,28,32,77,61,76,Investigacion Tecnologica
37,100,43,37,49,22,35,81,90,53,MBA
65,64,65,77,98,29,29,53,60,91,Data Science
23,72,53,57,94,11,32,52,78,84,Finanzas
25,100,39,46,77,37,32,78,91,80,MBA
15,98,54,21,57,10,38,75,100,79,MBA
79,45,52,76,80,48,45,39,39,91,Data Science
51,91,60,41,74,24,32,84,93,73,Gestion de Proyectos
52,40,59,79,67,88,86,69,69,37,Redes y Telecomunicaciones
75,42,32,91,70,35,42,49,61,53,Desarrollo Software
39,48,41,61,65,98,94,59,49,53,Ciberseguridad
46,89,59,34,42,33,21,87,87,80,MBA
21,83,40,41,58,38,27,95,89,72,Marketing Digital
43,69,96,72,85,38,41,53,46,77,Investigacion Tecnologica
96,44,55,92,84,23,68,64,34,93,Inteligencia Artificial
54,85,55,48,43,40,12,99,70,50,Marketing Digital
90,41,79,90,89,42,26,57,51,94,Data Science
58,66,51,20,90,16,26,73,77,84,Finanzas
45,43,59,78,64,76,89,51,49,66,Ciberseguridad
38,86,50,43,43,40,20,60,82,74,Gestion de Proyectos
21,72,31,52,70,39,29,94,87,52,Marketing Digital
33,58,53,67,51,80,100,41,50,48,Ciberseguridad
52,77,49,52,50,21,32,85,83,51,Marketing Digital
71,63,98,51,81,33,47,74,45,72,Investigacion Tecnologica
53,50,51,50,59,91,87,30,30,50,Ciberseguridad
37,32,45,40,70,92,67,67,58,30,Redes y Telecomunicaciones
35,46,36,40,42,90,75,37,32,35,Redes y Telecomunicaciones
88,24,52,95,77,24,54,53,53,84,Inteligencia Artificial
38,33,42,74,63,98,86,45,53,52,Redes y Telecomunicaciones
64,46,99,55,72,50,28,61,44,84,Investigacion Tecnologica
75,65,94,52,75,25,45,68,53,72,Investigacion Tecnologica
92,29,50,83,79,45,59,55,57,89,Inteligencia Artificial
50,99,33,17,79,26,12,95,87,47,MBA
83,60,56,77,85,40,38,57,57,93,Data Science
47,46,100,50,87,20,40,63,60,68,Investigacion Tecnologica
42,53,93,46,87,24,39,67,62,68,Investigacion Tecnologica
91,24,75,83,93,55,45,65,58,87,Inteligencia Artificial
58,82,54,36,36,30,21,91,73,68,Marketing Digital
50,99,49,42,80,21,45,81,92,75,Gestion de Proyectos
89,27,68,90,82,52,54,49,40,84,Inteligencia Artificial
11,93,53,40,64,17,26,78,91,61,MBA
67,59,57,97,64,57,31,68,61,57,Desarrollo Software
65,35,80,85,94,22,43,60,36,96,Data Science
43,50,96,58,84,29,37,75,45,65,Investigacion Tecnologica
47,50,94,76,80,29,48,51,49,87,Investigacion Tecnologica
87,53,79,95,96,60,39,51,62,91,Inteligencia Artificial
87,57,70,86,78,29,38,58,48,83,Inteligencia Artificial
55,82,43,39,39,27,30,96,89,55,Marketing Digital
100,34,69,88,89,30,65,68,35,96,Inteligencia Artificial
88,51,66,93,95,20,62,32,62,82,Inteligencia Artificial
98,56,55,100,85,32,34,42,70,97,Inteligencia Artificial
57,74,39,50,48,28,14,90,77,54,Marketing Digital
69,62,58,90,89,40,35,70,60,94,Data Science
42,37,41,64,55,96,88,33,47,46,Redes y Telecomunicaciones
42,64,92,41,83,26,23,53,52,88,Investigacion Tecnologica
79,51,62,96,88,50,47,48,54,55,Desarrollo Software
38,81,57,22,55,35,18,95,70,76,Marketing Digital
100,29,80,89,78,38,68,66,41,80,Inteligencia Artificial
100,30,76,85,81,41,68,55,68,99,Inteligencia Artificial
71,70,55,92,84,30,35,39,44,87,Data Science
50,40,42,88,69,63,68,68,63,50,Desarrollo Software
42,82,49,45,88,12,20,51,75,79,Finanzas
50,44,96,55,85,44,28,66,63,62,Investigacion Tecnologica
79,59,99,55,77,22,34,52,62,70,Investigacion Tecnologica
30,95,59,33,73,37,15,91,95,73,MBA
26,83,54,70,72,37,21,84,82,56,Gestion de Proyectos
67,64,99,68,76,48,29,67,51,68,Investigacion Tecnologica
45,52,90,69,74,30,45,79,46,78,Investigacion Tecnologica
54,54,57,91,83,43,58,55,59,64,Desarrollo Software
65,53,70,94,82,41,55,46,41,78,Desarrollo Software
55,99,53,51,60,28,49,77,84,62,Gestion de Proyectos
56,59,39,65,69,77,94,40,39,53,Ciberseguridad
53,31,31,74,59,91,62,50,50,70,Redes y Telecomunicaciones
86,49,64,73,94,39,45,54,46,97,Data Science
90,67,55,87,94,25,35,34,58,93,Data Science
55,46,32,92,75,66,67,51,61,58,Desarrollo Software
48,72,56,46,53,20,38,96,81,76,Marketing Digital
26,87,53,47,72,18,36,92,85,57,MBA
49,65,53,47,95,27,37,78,58,86,Finanzas
52,39,51,84,56,88,93,30,40,41,Ciberseguridad
49,84,55,39,68,39,33,72,77,79,Gestion de Proyectos
80,49,94,58,91,40,29,66,64,61,Investigacion Tecnologica
29,87,59,47,89,10,30,65,69,76,Finanzas
40,82,41,42,41,31,27,84,95,65,Gestion de Proyectos
10,88,30,41,62,10,25,91,93,59,MBA
49,31,60,49,76,90,69,65,48,67,Redes y Telecomunicaciones
30,60,33,47,47,96,86,37,39,67,Redes y Telecomunicaciones
26,98,61,58,80,40,26,89,81,66,Gestion de Proyectos
35,71,32,55,52,40,38,89,85,77,Marketing Digital
96,40,52,87,99,56,63,30,39,88,Inteligencia Artificial
51,70,39,38,34,17,17,100,70,79,Marketing Digital
64,50,51,76,68,92,96,39,35,51,Ciberseguridad
31,37,57,75,72,93,88,58,34,60,Ciberseguridad
32,57,56,69,68,96,96,33,59,54,Ciberseguridad
45,85,46,11,54,37,28,75,92,72,MBA
52,47,45,61,47,89,100,48,47,56,Ciberseguridad
71,39,70,92,72,45,40,55,50,75,Desarrollo Software
74,38,72,89,84,46,41,67,55,97,Data Science
57,43,52,69,78,96,68,60,45,35,Redes y Telecomunicaciones
93,38,59,92,88,41,58,37,69,99,Inteligencia Artificial
78,45,80,76,83,31,26,69,44,97,Data Science
70,55,39,85,82,54,32,62,62,71,Desarrollo Software
45,45,40,60,53,83,100,47,46,40,Ciberseguridad
99,45,62,94,99,49,41,57,35,100,Inteligencia Artificial
15,94,33,32,40,15,27,97,89,60,MBA
27,100,54,33,61,34,37,96,100,53,MBA
68,49,40,73,74,77,87,43,49,46,Ciberseguridad
46,85,67,46,91,13,19,60,56,85,Finanzas
57,55,46,69,64,95,73,55,49,67,Redes y Telecomunicaciones
52,54,53,46,74,92,89,42,62,62,Redes y Telecomunicaciones
53,70,100,60,70,41,23,53,67,77,Investigacion Tecnologica
56,80,54,58,48,25,39,90,90,55,Marketing Digital
51,93,42,43,60,29,43,70,82,65,Gestion de Proyectos
27,59,53,72,79,96,60,64,42,57,Redes y Telecomunicaciones
78,57,64,95,90,44,37,42,59,89,Data Science
24,33,39,68,47,99,73,57,56,35,Redes y Telecomunicaciones
40,83,41,45,90,37,17,59,71,87,Finanzas
34,85,47,30,86,16,16,72,64,92,Finanzas
43,96,55,36,41,35,33,89,77,70,Gestion de Proyectos
64,52,40,83,77,82,97,54,30,49,Ciberseguridad
26,85,53,56,79,34,32,85,88,66,Gestion de Proyectos
59,61,92,78,94,45,31,75,44,90,Investigacion Tecnologica
53,53,38,96,78,34,44,43,63,50,Desarrollo Software
89,69,77,93,84,37,25,35,53,91,Data Science
38,85,40,49,40,32,40,91,85,73,MBA
48,59,95,68,80,36,45,53,54,74,Investigacion Tecnologica
47,56,100,58,86,32,47,70,51,76,Investigacion Tecnologica
98,49,71,85,95,37,64,50,63,92,Inteligencia Artificial
49,80,53,36,52,40,49,81,82,52,Gestion de Proyectos
28,78,60,25,55,36,26,86,86,56,Marketing Digital
43,54,59,74,48,90,99,39,32,58,Ciberseguridad
60,36,56,83,60,88,100,43,46,66,Ciberseguridad
43,43,36,50,62,77,90,50,33,49,Ciberseguridad
30,91,48,50,71,46,49,69,80,79,Gestion de Proyectos
87,44,53,100,78,29,54,59,65,100,Inteligencia Artificial
54,49,47,99,87,61,55,44,40,65,Desarrollo Software
53,88,49,31,96,37,11,73,57,89,Finanzas
30,61,52,28,94,22,29,57,66,90,Finanzas
75,42,64,74,99,28,34,42,44,87,Data Science
11,93,51,44,67,33,14,98,93,66,MBA
75,43,66,93,62,44,38,67,66,59,Desarrollo Software
58,83,60,69,62,39,47,74,77,79,Gestion de Proyectos
34,46,33,74,59,90,87,65,43,60,Redes y Telecomunicaciones
22,48,43,48,77,85,61,53,55,34,Redes y Telecomunicaciones
34,67,41,59,91,29,34,73,72,85,Finanzas
45,51,39,58,62,95,67,51,33,70,Redes y Telecomunicaciones
41,59,35,74,59,100,69,30,44,54,Redes y Telecomunicaciones
86,47,55,75,99,26,48,54,52,93,Data Science
91,55,58,89,78,49,50,30,62,96,Inteligencia Artificial
41,94,30,28,75,36,30,77,98,71,MBA
39,72,33,56,62,38,16,89,74,53,Marketing Digital
55,87,41,56,68,32,16,88,84,64,Marketing Digital
56,72,67,58,50,19,27,86,79,74,Marketing Digital
34,76,53,42,100,32,35,58,50,86,Finanzas
44,64,96,57,92,24,21,73,52,67,Investigacion Tecnologica
48,100,50,18,40,31,12,77,98,63,MBA
58,61,69,25,95,39,20,73,78,89,Finanzas
40,54,55,81,76,82,98,48,34,58,Ciberseguridad
99,48,56,83,91,41,70,48,64,84,Inteligencia Artificial
47,66,94,60,81,49,27,74,42,79,Investigacion Tecnologica
49,100,53,26,43,11,14,98,87,76,MBA
22,73,44,37,56,17,40,94,77,70,Marketing Digital
53,49,93,74,72,32,21,58,41,73,Investigacion Tecnologica
88,49,64,81,98,27,66,36,50,84,Inteligencia Artificial
37,85,54,57,41,30,21,73,78,62,Gestion de Proyectos
73,53,69,87,88,40,39,35,56,85,Data Science
42,58,95,60,88,50,40,75,59,67,Investigacion Tecnologica
50,93,45,45,43,34,10,78,91,72,MBA
28,87,58,32,58,26,25,76,84,50,Gestion de Proyectos
45,62,95,72,76,20,49,67,59,76,Investigacion Tecnologica
58,78,32,48,32,40,13,96,76,65,Marketing Digital
30,30,51,64,49,87,94,47,56,40,Ciberseguridad
65,41,40,75,72,75,96,48,45,47,Ciberseguridad
22,70,35,54,69,40,13,99,90,51,Marketing Digital
42,33,40,81,45,94,93,41,52,53,Ciberseguridad
69,40,55,61,75,80,96,46,33,57,Ciberseguridad
43,69,68,38,93,37,20,74,54,89,Finanzas
42,72,64,39,51,30,11,92,77,56,Marketing Digital
17,87,53,24,50,17,37,81,91,74,MBA
35,79,30,27,43,39,17,91,78,71,Marketing Digital
65,54,97,68,70,37,29,51,44,88,Investigacion Tecnologica
74,45,51,94,83,45,47,50,46,100,Data Science
92,26,56,80,89,53,49,48,60,81,Inteligencia Artificial
55,55,41,51,69,91,85,45,32,67,Ciberseguridad
14,89,31,47,60,24,38,76,99,44,MBA
57,72,44,36,89,37,15,67,68,85,Finanzas
39,76,44,51,39,13,17,97,79,54,Marketing Digital
45,69,100,48,93,32,30,71,66,84,Investigacion Tecnologica
39,87,39,50,60,35,29,91,71,53,Marketing Digital
47,53,45,77,65,88,61,48,35,65,Redes y Telecomunicaciones
97,56,54,87,79,30,40,53,40,81,Inteligencia Artificial
61,65,90,46,84,37,39,52,45,80,Investigacion Tecnologica
37,97,58,13,50,40,28,100,100,76,MBA
25,49,46,64,44,97,60,47,35,60,Redes y Telecomunicaciones
42,56,90,64,77,48,48,58,50,67,Investigacion Tecnologica
23,30,45,43,50,95,63,52,32,70,Redes y Telecomunicaciones
36,75,53,33,91,11,25,78,64,75,Finanzas
56,83,69,57,41,36,50,64,78,60,Gestion de Proyectos
41,32,43,82,59,78,92,53,58,49,Ciberseguridad
60,30,53,80,49,85,72,42,39,42,Redes y Telecomunicaciones
92,36,53,100,85,42,44,30,51,89,Inteligencia Artificial
89,32,59,74,81,36,27,60,38,98,Data Science
32,43,49,67,43,77,100,43,40,63,Ciberseguridad
93,36,71,98,83,59,35,69,62,81,Inteligencia Artificial
49,40,52,47,80,89,65,44,38,32,Redes y Telecomunicaciones
25,92,53,46,74,47,30,64,93,68,Gestion de Proyectos
35,75,33,55,43,29,12,95,73,59,Marketing Digital
37,87,37,21,43,40,16,79,94,41,MBA
58,96,61,61,62,35,36,80,80,66,Gestion de Proyectos
54,83,69,42,43,22,47,78,76,79,Gestion de Proyectos
36,42,38,54,41,96,77,40,67,51,Redes y Telecomunicaciones
48,75,58,52,67,29,24,94,90,64,Marketing Digital
57,34,31,70,57,86,70,34,42,58,Redes y Telecomunicaciones
50,100,43,45,40,34,48,71,92,74,Gestion de Proyectos
47,96,48,65,72,47,49,62,93,60,Gestion de Proyectos
45,55,92,43,81,50,32,50,57,83,Investigacion Tecnologica
11,86,30,45,41,19,39,79,96,64,MBA
10,89,39,49,53,40,16,78,98,51,MBA
85,48,78,74,89,34,24,60,51,93,Data Science
77,38,60,87,79,66,54,60,61,72,Desarrollo Software
44,50,44,45,54,99,90,69,39,44,Redes y Telecomunicaciones
77,39,52,84,94,43,22,31,47,85,Data Science
33,88,37,19,72,18,32,97,88,79,MBA
68,67,72,95,80,42,39,64,54,95,Data Science
73,35,54,70,93,45,46,45,39,95,Data Science
62,38,30,64,71,94,88,47,53,68,Ciberseguridad
86,33,62,78,87,40,35,36,40,97,Data Science
66,55,66,72,93,45,48,57,47,90,Data Science
48,33,51,54,73,97,60,33,35,57,Redes y Telecomunicaciones
25,77,45,33,53,23,28,92,76,66,Marketing Digital
25,84,65,52,42,47,50,69,93,78,Gestion de Proyectos
68,44,51,78,82,43,26,38,43,86,Data Science
21,60,44,73,42,89,76,41,51,43,Redes y Telecomunicaciones
24,89,41,34,97,40,31,65,74,92,Finanzas
48,50,60,66,55,76,94,42,54,44,Ciberseguridad
43,85,65,31,91,25,35,53,63,77,Finanzas
26,36,39,79,74,88,82,45,61,58,Redes y Telecomunicaciones
37,94,57,17,70,37,36,89,87,69,MBA
58,58,53,76,60,95,88,70,41,56,Redes y Telecomunicaciones
26,42,51,75,77,86,61,30,43,61,Redes y Telecomunicaciones
47,40,38,55,46,90,82,45,48,56,Redes y Telecomunicaciones
42,94,50,47,70,50,25,78,95,56,Gestion de Proyectos
37,88,48,40,89,23,26,53,57,77,Finanzas
68,63,69,76,84,22,37,62,58,93,Data Science
21,77,50,33,35,23,20,85,71,52,Marketing Digital
69,62,75,85,87,36,24,49,46,98,Data Science
91,47,65,89,80,56,33,64,32,98,Inteligencia Artificial
92,47,76,95,99,37,33,66,53,97,Inteligencia Artificial
69,33,35,82,50,99,98,35,46,43,Ciberseguridad
70,61,96,48,91,47,25,79,58,67,Investigacion Tecnologica
41,99,60,39,42,29,47,68,79,65,Gestion de Proyectos
59,36,60,51,44,100,96,51,51,60,Ciberseguridad
69,46,52,65,66,88,97,48,41,40,Ciberseguridad
21,61,66,20,93,39,20,72,73,83,Finanzas
71,57,54,88,80,48,46,43,49,52,Desarrollo Software
24,72,65,32,63,31,33,87,83,69,Marketing Digital
67,36,63,88,98,38,38,44,51,85,Data Science
78,37,54,95,93,29,30,51,49,91,Data Science
60,54,99,52,70,34,32,80,62,67,Investigacion Tecnologica
70,33,57,91,62,38,32,41,47,75,Desarrollo Software
49,51,39,41,78,94,88,52,54,61,Redes y Telecomunicaciones
34,43,32,82,57,98,88,47,56,62,Ciberseguridad
46,89,60,14,64,10,20,96,85,47,MBA
57,53,31,84,55,89,91,48,35,66,Ciberseguridad
41,55,31,55,54,81,91,36,55,63,Ciberseguridad
49,78,32,41,54,19,16,99,89,61,Marketing Digital
45,37,60,59,78,82,93,41,49,42,Ciberseguridad
16,95,46,28,51,24,14,86,95,74,MBA
34,58,58,70,52,96,87,56,51,50,Ciberseguridad
70,59,46,85,86,32,45,44,61,80,Desarrollo Software
23,84,57,60,87,21,26,68,75,83,Finanzas
50,55,69,100,68,62,33,64,57,52,Desarrollo Software
80,55,61,95,76,44,54,52,62,57,Desarrollo Software
71,60,51,89,83,56,36,47,67,65,Desarrollo Software
81,50,52,84,95,34,24,53,57,86,Data Science
51,41,36,92,66,63,62,53,54,65,Desarrollo Software
32,99,61,68,40,29,45,83,87,50,Gestion de Proyectos
25,71,62,22,61,30,20,89,75,68,Marketing Digital
58,57,59,44,59,95,61,32,54,68,Redes y Telecomunicaciones
28,88,33,32,53,40,13,95,71,69,Marketing Digital
58,33,60,53,79,99,65,47,30,32,Redes y Telecomunicaciones
59,43,44,76,51,82,85,45,36,58,Ciberseguridad
43,83,44,35,50,39,25,85,85,63,Marketing Digital
50,63,66,55,96,15,36,77,58,89,Finanzas
22,54,31,70,73,86,86,40,63,46,Redes y Telecomunicaciones
53,90,56,23,33,24,19,99,76,69,Marketing Digital
50,67,92,58,86,37,44,56,49,69,Investigacion Tecnologica
49,82,43,41,96,13,27,80,72,95,Finanzas
93,36,57,90,88,43,41,68,47,81,Inteligencia Artificial
99,32,54,99,75,27,68,70,59,89,Inteligencia Artificial
41,93,36,43,43,15,30,88,99,72,MBA
93,33,78,97,81,52,60,42,51,95,Inteligencia Artificial
60,80,69,58,95,16,31,53,59,76,Finanzas
96,22,72,84,95,40,34,48,40,93,Inteligencia Artificial
73,56,93,43,76,49,25,78,49,60,Investigacion Tecnologica
55,83,51,20,57,12,38,95,87,64,Marketing Digital
24,89,44,34,63,26,23,97,85,42,MBA
74,52,48,91,69,38,67,64,60,53,Desarrollo Software
59,33,36,43,70,89,62,67,35,49,Redes y Telecomunicaciones
94,21,58,100,95,32,69,51,69,97,Inteligencia Artificial
53,56,40,58,70,78,96,38,32,50,Ciberseguridad
70,50,95,54,93,46,29,71,54,87,Investigacion Tecnologica
50,41,91,59,94,46,32,72,51,61,Investigacion Tecnologica
22,100,42,38,45,18,26,92,90,60,MBA
62,46,42,86,82,48,43,40,42,61,Desarrollo Software
57,56,60,87,82,31,36,47,47,68,Desarrollo Software
37,33,40,50,75,89,81,60,69,68,Redes y Telecomunicaciones
50,97,52,24,50,32,15,81,89,55,MBA
22,98,57,44,73,19,17,95,100,72,MBA
33,35,54,77,65,88,71,47,54,48,Redes y Telecomunicaciones
35,73,44,58,54,40,29,93,78,63,Marketing Digital
13,99,32,14,73,17,39,98,94,61,MBA
61,64,66,77,81,20,49,43,59,90,Data Science
69,43,37,84,40,88,87,53,48,50,Ciberseguridad
44,83,55,47,94,38,33,61,60,89,Finanzas
63,63,77,90,84,30,33,43,30,95,Data Science
66,60,39,75,40,97,85,50,40,40,Ciberseguridad
22,67,56,52,92,18,26,79,63,94,Finanzas
81,69,72,95,93,28,49,47,52,89,Data Science
54,55,51,77,41,77,97,34,49,42,Ciberseguridad
40,30,45,69,45,88,68,44,46,48,Redes y Telecomunicaciones
95,36,66,98,87,55,65,46,66,84,Inteligencia Artificial
73,67,92,80,94,40,22,75,53,73,Investigacion Tecnologica
39,81,70,22,99,32,39,78,62,83,Finanzas
50,54,50,76,65,97,76,40,43,38,Redes y Telecomunicaciones
34,83,70,37,53,22,29,71,89,52,Gestion de Proyectos
34,86,55,22,72,37,28,84,92,52,MBA
44,98,42,36,60,12,38,84,91,78,MBA
78,51,80,79,87,37,48,51,48,89,Data Science
63,32,54,95,83,22,33,46,57,95,Data Science
29,60,53,78,66,98,78,70,46,66,Redes y Telecomunicaciones
21,53,43,52,62,88,64,57,55,47,Redes y Telecomunicaciones
28,88,43,26,66,17,16,88,86,55,Marketing Digital
51,81,50,33,41,43,32,85,83,55,Gestion de Proyectos
18,87,51,29,44,27,31,78,85,62,MBA
81,62,61,82,84,50,49,57,36,100,Data Science
27,94,58,39,64,21,41,90,76,53,Gestion de Proyectos
48,98,43,44,58,20,20,80,94,44,MBA
71,33,59,90,82,68,36,45,63,74,Desarrollo Software
58,100,52,62,56,45,40,82,84,53,Gestion de Proyectos
30,77,69,48,95,29,31,54,76,92,Finanzas
48,48,30,51,79,90,90,40,45,33,Redes y Telecomunicaciones
97,28,74,83,84,34,64,33,49,85,Inteligencia Artificial
28,89,42,40,65,35,34,87,73,70,Marketing Digital
88,30,72,86,96,23,32,66,41,90,Inteligencia Artificial
42,31,36,57,62,89,75,50,69,46,Redes y Telecomunicaciones
75,39,60,90,87,62,33,62,45,54,Desarrollo Software
74,53,35,85,75,57,41,55,58,57,Desarrollo Software
35,78,39,53,61,13,21,100,75,60,Marketing Digital
48,30,48,56,58,95,80,35,37,47,Redes y Telecomunicaciones
37,57,48,42,49,97,71,70,67,67,Redes y Telecomunicaciones
62,41,30,80,73,79,85,54,42,43,Ciberseguridad
27,100,47,41,52,37,24,80,95,48,MBA
96,51,66,91,93,43,54,41,64,92,Inteligencia Artificial
50,88,55,54,73,24,43,69,83,64,Gestion de Proyectos
20,96,40,34,53,40,28,69,80,73,Gestion de Proyectos
21,85,45,56,85,40,20,72,61,88,Finanzas
60,30,37,60,77,78,98,43,52,53,Ciberseguridad
22,75,50,50,43,22,15,92,78,71,Marketing Digital
95,42,74,83,94,41,69,45,58,89,Inteligencia Artificial
55,67,45,46,100,35,35,56,55,92,Finanzas
55,56,46,66,54,91,61,53,40,43,Redes y Telecomunicaciones
21,44,46,80,60,95,85,33,70,37,Redes y Telecomunicaciones
54,73,65,21,51,28,21,100,72,52,Marketing Digital
78,65,61,86,89,50,33,39,47,96,Data Science
53,57,54,100,66,69,51,55,50,79,Desarrollo Software
44,58,56,59,56,87,85,53,31,52,Ciberseguridad
86,20,58,81,92,20,52,40,60,100,Inteligencia Artificial
54,86,34,44,32,18,16,99,86,70,Marketing Digital
70,64,50,86,88,38,39,42,30,89,Data Science
21,85,57,65,66,37,24,66,91,68,Gestion de Proyectos
27,73,46,30,62,30,40,94,86,60,Marketing Digital
82,42,63,72,100,36,48,33,54,97,Data Science
40,79,53,37,90,19,22,60,55,95,Finanzas
56,33,48,52,70,85,97,55,39,65,Ciberseguridad
21,84,60,46,68,11,28,94,76,80,Marketing Digital
44,64,94,61,87,40,23,58,40,69,Investigacion Tecnologica
60,63,75,76,94,30,23,54,52,92,Data Science
77,50,51,96,85,46,56,66,40,77,Desarrollo Software
18,100,37,23,60,20,36,89,93,66,MBA
54,35,34,60,71,92,93,39,52,57,Ciberseguridad
43,66,43,28,91,31,25,72,69,88,Finanzas
49,90,39,27,79,35,12,96,99,57,MBA
32,77,57,29,54,14,13,96,78,60,Marketing Digital
55,94,52,55,49,33,50,79,89,65,Gestion de Proyectos
41,89,57,33,42,38,31,69,84,51,Gestion de Proyectos
73,31,48,97,65,61,65,41,54,72,Desarrollo Software
56,40,68,86,64,35,50,60,67,72,Desarrollo Software
35,86,64,52,42,31,21,75,94,55,Gestion de Proyectos
49,65,100,52,83,40,33,66,42,73,Investigacion Tecnologica
39,83,69,33,33,19,27,89,87,54,Marketing Digital
72,41,60,94,88,24,33,60,36,96,Data Science
76,55,58,98,85,41,47,42,62,72,Desarrollo Software
65,38,50,88,65,43,68,62,61,77,Desarrollo Software
26,100,70,70,51,48,42,87,81,76,Gestion de Proyectos
34,87,41,44,65,33,30,74,91,53,Gestion de Proyectos
93,41,77,81,75,33,55,41,52,84,Inteligencia Artificial
56,35,60,98,75,63,41,49,44,53,Desarrollo Software
21,98,63,39,52,34,40,80,87,63,Gestion de Proyectos
58,51,44,97,75,69,50,63,61,75,Desarrollo Software
56,89,66,70,42,40,27,64,86,72,Gestion de Proyectos
63,59,43,88,71,55,32,51,44,69,Desarrollo Software
46,54,95,72,74,36,35,62,55,67,Investigacion Tecnologica
40,94,46,50,43,20,31,89,96,52,MBA
71,49,54,72,85,27,27,44,34,95,Data Science
68,41,60,97,74,42,37,50,58,66,Desarrollo Software
67,70,93,56,84,48,32,54,42,87,Investigacion Tecnologica
67,60,52,80,48,83,86,37,37,63,Ciberseguridad
47,72,68,29,90,30,38,73,74,85,Finanzas
28,74,68,57,87,34,36,51,65,93,Finanzas
86,61,68,82,81,32,23,43,35,99,Data Science
86,54,53,92,80,23,35,67,40,86,Inteligencia Artificial
67,40,71,70,83,46,37,62,36,94,Data Science
89,48,60,87,93,35,42,59,35,85,Inteligencia Artificial
75,66,61,82,82,24,47,52,35,100,Data Science
53,44,57,85,87,59,51,63,68,54,Desarrollo Software
63,32,64,85,81,69,35,52,68,67,Desarrollo Software
34,86,56,49,49,27,23,92,100,42,MBA
41,59,42,60,58,97,92,51,58,56,Ciberseguridad
53,67,93,76,92,23,46,77,47,80,Investigacion Tecnologica
36,87,46,32,94,13,20,51,70,93,Finanzas
37,96,58,55,58,43,22,76,89,59,Gestion de Proyectos
57,82,63,43,93,29,29,74,66,76,Finanzas
65,34,53,76,98,45,50,45,32,87,Data Science
71,63,99,60,85,33,33,64,48,64,Investigacion Tecnologica
56,83,52,62,71,31,32,80,75,75,Gestion de Proyectos
76,52,59,94,88,48,63,43,57,50,Desarrollo Software
52,34,37,98,74,63,36,53,53,53,Desarrollo Software
74,70,98,62,94,50,29,70,59,75,Investigacion Tecnologica
60,56,56,82,70,83,85,39,57,61,Ciberseguridad
91,54,68,90,79,21,51,42,58,91,Inteligencia Artificial
51,53,94,79,91,33,20,64,47,77,Investigacion Tecnologica
44,48,37,53,65,87,89,52,50,60,Ciberseguridad
54,38,57,59,45,91,94,53,35,50,Ciberseguridad
53,50,41,60,48,93,85,42,51,50,Ciberseguridad
18,90,40,40,40,21,34,87,89,74,MBA
70,42,38,95,70,30,31,66,41,60,Desarrollo Software
78,53,45,94,86,40,57,68,52,52,Desarrollo Software
24,99,60,57,51,36,21,60,77,54,Gestion de Proyectos
97,37,71,87,100,37,51,37,66,81,Inteligencia Artificial
33,77,36,56,61,11,24,91,90,67,Marketing Digital
65,33,44,68,57,97,94,36,60,61,Ciberseguridad
60,50,38,53,74,88,82,48,63,62,Redes y Telecomunicaciones
46,54,49,56,60,75,86,48,35,54,Ciberseguridad
31,88,55,24,49,30,39,91,75,52,Marketing Digital
20,84,64,30,85,28,24,70,51,86,Finanzas
71,67,76,84,96,48,37,69,47,100,Data Science
34,82,54,58,59,20,48,70,94,76,Gestion de Proyectos
56,53,47,51,59,94,86,56,53,43,Ciberseguridad
92,42,57,82,87,54,56,63,55,92,Inteligencia Artificial
80,32,63,91,86,40,33,63,51,94,Data Science
34,78,39,34,61,19,30,91,85,80,Marketing Digital
60,53,75,95,80,34,27,61,38,96,Data Science
65,57,91,46,81,29,42,62,51,69,Investigacion Tecnologica
72,48,60,89,72,58,66,49,54,63,Desarrollo Software
58,58,63,87,72,51,55,66,69,74,Desarrollo Software
36,78,64,55,58,15,13,88,84,51,Marketing Digital
28,87,65,20,96,19,14,60,52,93,Finanzas
60,88,49,28,45,26,34,96,83,61,Marketing Digital
32,90,60,26,71,30,25,83,99,76,MBA
88,54,76,81,85,56,55,68,65,99,Inteligencia Artificial
23,48,38,44,51,98,76,34,53,66,Redes y Telecomunicaciones
53,100,52,58,80,44,33,76,93,68,Gestion de Proyectos
80,58,95,67,76,49,37,54,55,77,Investigacion Tecnologica
15,100,46,23,55,22,19,92,88,54,MBA
59,35,40,51,67,87,96,42,43,68,Ciberseguridad
72,46,62,95,88,67,53,43,66,78,Desarrollo Software
96,36,77,93,99,52,52,63,58,82,Inteligencia Artificial
40,90,46,33,47,27,21,86,79,58,Marketing Digital
21,85,47,27,45,38,20,79,86,58,MBA
73,45,32,90,77,60,50,55,52,52,Desarrollo Software
48,88,52,48,51,29,27,99,87,70,MBA
85,35,66,88,81,29,32,52,40,100,Data Science
56,100,57,33,67,24,26,60,87,80,Gestion de Proyectos
65,54,57,69,52,99,87,55,50,55,Ciberseguridad
80,35,55,99,60,36,57,57,43,76,Desarrollo Software
31,90,44,51,49,10,30,96,89,74,Marketing Digital
57,69,94,41,92,32,26,57,67,71,Investigacion Tecnologica
45,84,47,54,56,17,13,86,72,71,Marketing Digital
52,74,55,60,66,30,34,99,78,67,Marketing Digital
63,40,55,78,95,28,33,36,50,97,Data Science
59,87,52,47,30,15,37,93,78,51,Marketing Digital
42,87,45,41,51,34,32,92,89,78,Marketing Digital
65,50,42,100,84,54,32,59,59,78,Desarrollo Software
67,58,62,78,84,22,20,58,56,89,Data Science
50,89,41,32,94,31,32,60,50,95,Finanzas
90,55,56,86,93,53,51,70,57,81,Inteligencia Artificial
73,37,62,94,74,41,30,64,40,68,Desarrollo Software
37,93,43,13,67,15,30,81,86,60,MBA
27,31,34,67,67,90,87,36,59,70,Redes y Telecomunicaciones
76,59,57,74,96,34,42,48,35,85,Data Science
20,84,53,32,95,21,13,70,65,90,Finanzas
54,32,38,69,63,90,86,37,48,42,Ciberseguridad
55,62,97,56,70,27,42,79,62,70,Investigacion Tecnologica
32,72,35,24,33,23,10,100,77,73,Marketing Digital
100,60,55,91,92,43,46,48,53,93,Inteligencia Artificial
34,43,44,66,43,91,68,34,60,47,Redes y Telecomunicaciones
29,36,40,55,66,86,68,35,40,32,Redes y Telecomunicaciones
23,78,50,47,62,27,34,85,89,67,Marketing Digital
33,74,70,56,99,37,40,58,56,93,Finanzas
99,22,65,84,76,54,52,65,68,81,Inteligencia Artificial
22,88,63,29,39,36,37,93,74,50,Marketing Digital
66,53,47,85,90,31,52,64,44,55,Desarrollo Software
46,59,60,53,77,100,87,53,33,57,Ciberseguridad
31,73,68,60,99,12,31,52,54,92,Finanzas
60,33,52,79,88,29,39,67,46,85,Data Science
76,51,92,47,70,44,26,78,51,64,Investigacion Tecnologica
88,64,65,75,82,29,47,35,47,95,Data Science
77,47,76,86,85,29,34,62,38,99,Data Science
46,43,96,50,76,33,46,77,52,81,Investigacion Tecnologica
44,35,32,69,45,91,74,56,55,39,Redes y Telecomunicaciones
92,30,57,93,94,37,59,55,60,83,Inteligencia Artificial
38,49,60,76,44,96,89,39,49,60,Ciberseguridad
59,43,91,46,73,43,24,56,56,80,Investigacion Tecnologica
97,40,67,100,83,42,44,49,61,100,Inteligencia Artificial
70,42,56,83,98,27,40,44,47,92,Data Science
25,44,36,61,46,93,66,56,42,35,Redes y Telecomunicaciones
47,35,49,57,73,91,97,49,47,51,Ciberseguridad
43,81,62,68,57,30,48,72,77,78,Gestion de Proyectos
45,59,97,54,73,21,47,69,44,60,Investigacion Tecnologica
96,52,79,83,78,31,48,68,53,95,Inteligencia Artificial
39,81,67,37,31,19,32,97,74,72,Marketing Digital
94,33,51,99,84,25,43,34,39,91,Inteligencia Artificial
33,55,30,58,42,84,95,59,39,53,Ciberseguridad
43,89,48,60,57,50,46,70,93,77,Gestion de Proyectos
21,85,62,48,69,31,31,91,80,65,Marketing Digital
64,66,93,46,88,39,20,78,62,64,Investigacion Tecnologica
16,86,58,49,58,28,34,97,90,74,MBA
69,35,36,83,62,84,94,55,56,60,Ciberseguridad
50,37,61,94,63,63,33,51,48,54,Desarrollo Software
75,58,98,79,89,20,24,54,48,70,Investigacion Tecnologica
85,60,74,85,98,23,57,62,62,97,Inteligencia Artificial
50,54,47,96,67,46,62,62,52,74,Desarrollo Software
64,49,99,69,74,24,30,68,61,81,Investigacion Tecnologica
89,28,60,90,98,49,66,49,62,97,Inteligencia Artificial
51,50,46,77,52,90,96,51,40,48,Ciberseguridad
43,89,47,51,69,20,33,83,82,57,Gestion de Proyectos
73,56,50,93,85,63,36,53,50,69,Desarrollo Software
32,69,48,47,93,16,33,53,57,85,Finanzas
48,42,90,47,76,41,26,80,69,90,Investigacion Tecnologica
98,20,60,91,92,33,30,43,37,96,Inteligencia Artificial
42,34,56,78,47,92,90,49,31,65,Ciberseguridad
21,95,56,45,79,40,25,82,85,41,MBA
62,63,100,68,77,22,28,65,41,75,Investigacion Tecnologica
41,86,35,32,56,40,34,98,70,75,Marketing Digital
88,36,69,93,76,53,35,44,40,96,Inteligencia Artificial
47,74,53,42,59,15,32,99,80,56,Marketing Digital
52,80,44,53,32,13,22,89,75,55,Marketing Digital
54,58,66,95,87,62,34,67,63,53,Desarrollo Software
48,46,31,76,73,99,84,57,63,41,Redes y Telecomunicaciones
70,41,69,99,60,45,57,42,57,59,Desarrollo Software
53,46,52,100,68,45,57,65,53,77,Desarrollo Software
40,70,90,78,94,38,40,65,61,68,Investigacion Tecnologica
86,51,79,87,91,44,28,56,41,92,Data Science
45,48,38,54,55,89,81,45,62,68,Redes y Telecomunicaciones
52,80,56,54,48,33,19,91,87,79,Marketing Digital
54,36,41,88,65,65,55,45,43,59,Desarrollo Software
88,63,67,75,89,44,33,38,40,86,Data Science
40,87,56,46,72,21,48,86,95,65,Gestion de Proyectos
46,85,53,65,65,28,45,65,87,80,Gestion de Proyectos
53,58,91,41,71,42,48,70,56,70,Investigacion Tecnologica
98,38,70,86,94,31,47,44,36,81,Inteligencia Artificial
55,39,35,92,80,47,67,68,51,71,Desarrollo Software
97,54,58,96,88,29,63,63,33,81,Inteligencia Artificial
26,87,39,39,74,11,28,92,89,43,MBA
51,51,94,51,91,39,30,57,62,81,Investigacion Tecnologica
57,60,30,93,77,48,49,70,67,59,Desarrollo Software
40,49,59,67,72,80,94,58,48,52,Ciberseguridad
37,57,40,63,49,92,72,39,43,59,Redes y Telecomunicaciones
71,50,96,80,80,33,32,66,50,88,Investigacion Tecnologica
44,56,42,53,68,94,83,34,52,54,Redes y Telecomunicaciones
22,100,49,33,64,43,50,79,95,63,Gestion de Proyectos
85,34,74,89,98,44,60,65,61,81,Inteligencia Artificial
56,94,70,55,57,36,48,88,86,57,Gestion de Proyectos
48,65,69,57,98,36,35,60,60,77,Finanzas
41,86,65,64,42,39,29,85,91,50,Gestion de Proyectos
29,49,45,79,56,99,64,53,42,57,Redes y Telecomunicaciones
92,28,78,95,95,41,50,62,62,84,Inteligencia Artificial
47,77,44,46,99,13,31,78,54,86,Finanzas
43,85,63,32,60,26,25,73,92,56,Gestion de Proyectos
17,94,35,49,66,27,36,82,90,41,MBA
62,45,57,51,60,87,95,50,37,48,Ciberseguridad
53,57,92,72,72,29,27,64,69,90,Investigacion Tecnologica
21,91,55,63,40,50,20,76,91,73,Gestion de Proyectos
62,52,59,60,72,87,90,37,48,66,Ciberseguridad
53,70,100,61,90,40,29,65,41,81,Investigacion Tecnologica
75,57,62,79,90,39,49,53,55,85,Data Science
31,61,69,40,99,19,38,71,76,94,Finanzas
43,62,94,48,78,37,50,73,60,63,Investigacion Tecnologica
18,90,50,28,46,39,32,84,85,52,MBA
58,86,46,39,93,19,10,77,68,79,Finanzas
56,93,65,63,53,46,48,65,77,62,Gestion de Proyectos
12,88,38,42,65,37,22,86,90,61,MBA
24,95,65,60,77,50,28,67,83,62,Gestion de Proyectos
46,34,31,60,41,81,88,36,49,60,Ciberseguridad
92,59,58,88,97,25,59,31,67,80,Inteligencia Artificial
48,90,38,46,46,12,40,85,82,62,Marketing Digital
53,57,44,60,48,78,89,52,54,41,Ciberseguridad
86,68,76,79,96,38,34,64,60,93,Data Science
74,47,71,80,84,35,20,65,50,95,Data Science
14,94,50,29,42,30,33,90,98,71,MBA
55,53,98,60,79,27,23,61,58,75,Investigacion Tecnologica
30,75,58,51,49,39,34,97,76,56,Marketing Digital
63,37,77,70,94,45,47,63,34,85,Data Science
42,71,47,53,66,34,29,96,75,67,Marketing Digital
20,59,43,44,76,96,69,68,45,68,Redes y Telecomunicaciones
22,96,55,52,75,49,38,60,88,72,Gestion de Proyectos
38,38,40,68,76,90,95,49,52,58,Ciberseguridad
39,92,46,22,71,13,31,88,88,64,MBA
61,46,45,90,64,54,35,51,56,59,Desarrollo Software
90,49,58,96,99,44,61,47,61,100,Inteligencia Artificial
28,58,32,49,41,96,77,61,66,65,Redes y Telecomunicaciones
28,88,44,68,46,37,34,81,76,66,Gestion de Proyectos
38,38,54,49,44,96,90,54,49,41,Redes y Telecomunicaciones
66,57,57,96,82,62,42,45,45,57,Desarrollo Software
20,92,58,41,59,37,30,94,91,67,MBA
46,93,48,44,43,20,23,97,89,74,MBA
55,44,31,55,75,85,81,44,68,68,Redes y Telecomunicaciones
24,83,63,25,94,37,15,61,65,91,Finanzas
60,56,68,99,81,54,51,64,64,59,Desarrollo Software
53,55,63,100,74,36,54,50,45,72,Desarrollo Software
31,60,48,21,93,39,32,80,77,81,Finanzas
23,97,48,55,71,28,34,86,87,50,Gestion de Proyectos
34,72,43,26,100,20,33,63,70,76,Finanzas
65,30,41,99,78,50,52,65,50,59,Desarrollo Software
56,90,65,35,56,10,15,92,88,67,Marketing Digital
41,89,33,14,51,20,37,97,87,61,MBA
65,41,33,75,49,82,99,54,48,40,Ciberseguridad
59,40,92,77,75,41,47,80,64,76,Investigacion Tecnologica
54,91,49,67,68,38,31,74,94,77,Gestion de Proyectos
53,36,44,86,62,53,37,40,63,77,Desarrollo Software
34,79,34,48,58,17,34,91,87,52,Marketing Digital
60,59,56,40,69,92,81,32,40,47,Redes y Telecomunicaciones
32,72,40,25,53,37,21,93,87,60,Marketing Digital
45,65,47,23,87,24,24,69,56,77,Finanzas
54,57,36,97,85,42,56,42,60,65,Desarrollo Software
88,40,50,85,94,47,31,38,37,100,Data Science
27,74,44,32,62,34,19,85,77,70,Marketing Digital
46,44,53,83,75,84,87,59,54,48,Ciberseguridad
38,94,57,39,51,16,20,75,86,42,MBA
48,48,33,60,66,93,81,41,44,31,Redes y Telecomunicaciones
51,95,47,50,45,47,34,74,90,64,Gestion de Proyectos
27,93,47,43,56,46,20,89,81,57,Gestion de Proyectos
97,43,63,97,93,38,50,55,50,94,Inteligencia Artificial
23,79,66,44,95,17,31,69,61,82,Finanzas
41,73,62,36,41,11,39,89,88,52,Marketing Digital
78,49,53,93,66,35,54,69,49,55,Desarrollo Software
51,45,52,95,61,49,62,58,59,67,Desarrollo Software
55,49,91,41,82,47,28,75,60,64,Investigacion Tecnologica
46,49,96,65,71,22,49,64,59,90,Investigacion Tecnologica
29,45,51,44,47,92,74,58,34,34,Redes y Telecomunicaciones
45,90,42,40,99,14,40,56,56,76,Finanzas
68,57,45,91,86,30,41,47,52,70,Desarrollo Software
93,58,76,90,76,52,58,48,62,87,Inteligencia Artificial
34,67,55,37,99,18,28,62,79,87,Finanzas
72,60,92,41,80,49,20,54,43,90,Investigacion Tecnologica
47,89,58,56,41,30,35,93,76,58,Marketing Digital
47,81,69,57,95,17,33,71,66,93,Finanzas
29,72,40,48,89,38,25,54,73,79,Finanzas
92,21,57,95,84,29,63,65,64,88,Inteligencia Artificial
93,56,74,100,84,60,39,63,62,86,Inteligencia Artificial
32,51,36,56,54,94,81,41,53,67,Redes y Telecomunicaciones
64,33,45,76,48,87,89,43,53,60,Ciberseguridad
34,60,32,74,72,85,61,35,40,48,Redes y Telecomunicaciones
14,89,44,11,44,34,37,90,95,51,MBA
43,40,92,48,83,40,41,66,65,66,Investigacion Tecnologica
35,79,58,44,93,38,16,77,78,76,Finanzas
86,41,63,94,81,26,45,59,37,85,Inteligencia Artificial
62,39,34,67,74,81,87,49,50,46,Ciberseguridad
33,32,43,59,78,75,99,52,52,54,Ciberseguridad
22,48,40,50,69,100,63,49,32,44,Redes y Telecomunicaciones
49,73,58,31,90,10,11,70,76,81,Finanzas
73,52,60,89,64,46,47,70,60,53,Desarrollo Software
68,40,97,58,88,35,42,80,55,76,Investigacion Tecnologica
92,23,57,81,92,25,66,34,48,87,Inteligencia Artificial
45,82,46,56,52,12,14,98,82,59,Marketing Digital
32,80,58,38,50,28,20,99,79,65,Marketing Digital
75,60,97,54,75,47,32,60,49,84,Investigacion Tecnologica
72,38,60,88,67,36,62,49,64,74,Desarrollo Software
54,81,63,20,100,14,13,59,69,79,Finanzas
57,96,40,68,61,20,30,77,84,59,Gestion de Proyectos
36,37,52,71,59,76,85,37,33,50,Ciberseguridad
91,40,72,81,83,24,55,45,68,81,Inteligencia Artificial
27,88,52,40,74,31,40,100,85,74,MBA
57,82,38,43,46,35,33,97,90,70,Marketing Digital
62,67,97,78,75,30,40,52,57,70,Investigacion Tecnologica
21,71,42,23,36,16,26,88,81,67,Marketing Digital
22,72,65,57,47,14,18,85,74,77,Marketing Digital
58,33,37,66,73,93,63,48,60,59,Redes y Telecomunicaciones
96,23,57,98,93,31,32,43,59,95,Inteligencia Artificial
35,84,57,54,71,36,41,90,83,54,Gestion de Proyectos
40,49,58,61,45,100,65,30,64,41,Redes y Telecomunicaciones
80,68,78,84,86,32,42,65,43,85,Data Science
68,40,63,87,66,65,63,45,57,63,Desarrollo Software
19,90,45,26,54,36,38,85,94,79,MBA
45,69,63,38,92,22,22,60,74,88,Finanzas
27,93,57,52,75,21,31,74,77,59,Gestion de Proyectos
16,92,38,44,43,13,23,98,89,80,MBA
77,43,66,72,81,38,37,31,32,93,Data Science
13,89,58,26,80,28,26,88,96,41,MBA
84,46,77,76,86,35,50,52,52,92,Data Science
38,70,41,24,67,18,19,96,88,59,Marketing Digital
60,78,50,39,57,22,12,97,79,73,Marketing Digital
44,60,47,71,67,88,92,56,46,58,Ciberseguridad
61,58,96,70,78,43,37,62,50,80,Investigacion Tecnologica
24,82,32,22,43,22,14,90,82,71,Marketing Digital
87,53,65,85,91,21,58,36,70,95,Inteligencia Artificial
41,74,55,30,68,28,39,90,76,51,Marketing Digital
78,59,92,78,89,34,47,52,53,88,Investigacion Tecnologica
90,42,74,98,96,30,55,59,66,95,Inteligencia Artificial
33,87,47,27,53,31,23,84,87,57,MBA
60,98,51,44,77,30,21,87,84,53,Gestion de Proyectos
44,38,44,66,51,86,91,51,43,41,Ciberseguridad
77,68,70,85,96,43,28,65,60,95,Data Science
59,79,52,43,54,11,29,89,89,79,Marketing Digital
31,89,53,56,50,23,19,99,81,65,Marketing Digital
36,87,34,21,62,38,18,97,82,76,Marketing Digital
39,80,55,43,91,33,36,67,72,77,Finanzas
76,49,95,51,89,25,44,56,45,81,Investigacion Tecnologica
48,84,54,57,70,15,14,91,73,50,Marketing Digital
91,44,77,99,100,54,61,54,32,88,Inteligencia Artificial
42,38,48,40,43,94,70,33,62,30,Redes y Telecomunicaciones
48,100,47,43,66,20,40,80,94,61,MBA
56,83,54,35,33,26,34,89,84,74,Marketing Digital
37,80,42,37,30,30,20,93,90,58,Marketing Digital
72,57,57,85,86,42,29,36,38,100,Data Science
59,52,67,97,71,50,63,52,42,69,Desarrollo Software
67,70,72,82,82,24,28,37,43,96,Data Science
42,31,40,80,58,87,67,69,30,50,Redes y Telecomunicaciones
43,85,34,32,35,35,10,91,80,62,Marketing Digital
52,96,67,58,49,33,43,64,87,80,Gestion de Proyectos
30,59,37,73,60,90,83,31,61,32,Redes y Telecomunicaciones
35,85,67,26,40,15,30,97,75,74,Marketing Digital
50,88,43,17,62,40,20,75,100,61,MBA
42,58,54,56,61,80,94,42,54,63,Ciberseguridad
98,51,75,95,97,23,38,66,57,86,Inteligencia Artificial
60,81,47,60,42,13,19,94,84,77,Marketing Digital
24,76,34,51,63,31,25,98,72,77,Marketing Digital
41,80,59,23,55,31,30,93,74,51,Marketing Digital
41,71,63,56,97,34,18,62,51,85,Finanzas
31,98,43,35,51,36,30,75,86,44,MBA
45,89,46,21,86,40,29,55,54,78,Finanzas
54,43,54,76,56,91,93,53,36,67,Ciberseguridad
93,32,63,84,86,60,34,60,38,91,Inteligencia Artificial
77,34,53,90,81,61,67,45,49,67,Desarrollo Software
65,39,77,76,93,43,36,59,32,89,Data Science
58,64,42,57,88,16,32,57,62,75,Finanzas
67,52,36,59,57,92,93,51,41,52,Ciberseguridad
54,75,57,46,97,38,21,62,71,94,Finanzas
54,85,68,30,32,28,32,95,75,56,Marketing Digital
94,36,68,88,75,23,37,30,46,99,Inteligencia Artificial
32,100,55,56,68,21,47,74,86,52,Gestion de Proyectos
43,43,46,60,53,91,100,47,51,57,Ciberseguridad
66,69,73,82,93,47,29,34,46,94,Data Science
76,38,54,85,62,38,69,62,42,66,Desarrollo Software
39,84,62,48,35,27,22,94,89,66,Marketing Digital
52,56,68,92,73,59,60,49,69,80,Desarrollo Software
35,55,50,72,75,89,77,57,60,53,Redes y Telecomunicaciones
56,96,68,63,80,35,45,83,81,62,Gestion de Proyectos
65,30,67,98,85,43,45,43,52,51,Desarrollo Software
23,100,55,49,58,24,13,83,88,53,MBA
56,43,55,44,79,88,86,67,48,43,Redes y Telecomunicaciones
21,49,56,72,57,99,60,52,40,56,Redes y Telecomunicaciones
44,91,44,31,56,34,23,81,84,67,Gestion de Proyectos
52,54,100,41,92,33,29,69,58,64,Investigacion Tecnologica
78,49,99,56,71,23,23,68,67,66,Investigacion Tecnologica
88,52,78,82,100,50,64,38,38,90,Inteligencia Artificial
54,53,54,91,90,56,44,59,59,52,Desarrollo Software
87,21,80,97,100,30,41,44,68,87,Inteligencia Artificial
95,29,64,88,88,41,35,63,40,87,Inteligencia Artificial
30,81,58,46,62,16,18,90,74,69,Marketing Digital
57,85,58,48,62,43,42,87,86,70,Gestion de Proyectos
56,57,46,57,43,96,70,36,69,46,Redes y Telecomunicaciones
51,96,46,55,77,44,29,76,84,55,Gestion de Proyectos
56,61,92,50,70,27,26,52,45,82,Investigacion Tecnologica
27,100,55,19,44,19,24,79,99,43,MBA
48,91,36,32,51,29,34,83,93,53,MBA
32,85,34,31,64,22,31,95,94,62,MBA
51,80,60,22,91,23,35,79,70,78,Finanzas
87,47,77,82,86,29,32,44,32,91,Data Science
56,72,69,33,61,13,16,91,77,74,Marketing Digital
48,77,54,28,92,36,10,56,62,78,Finanzas
31,72,41,39,70,11,15,94,80,52,Marketing Digital
50,31,33,62,77,96,90,51,53,35,Redes y Telecomunicaciones
72,68,91,40,76,22,32,69,46,74,Investigacion Tecnologica
29,63,47,49,99,16,30,69,52,80,Finanzas
23,50,49,57,76,96,73,51,62,47,Redes y Telecomunicaciones
53,57,39,55,40,95,60,49,33,56,Redes y Telecomunicaciones
44,47,51,48,41,91,61,39,60,65,Redes y Telecomunicaciones
77,50,60,96,61,38,56,68,40,62,Desarrollo Software
42,59,100,71,75,43,42,73,70,84,Investigacion Tecnologica
46,31,38,61,62,96,90,34,43,58,Ciberseguridad
44,93,61,43,70,27,29,61,79,73,Gestion de Proyectos
64,54,51,76,93,50,35,37,59,98,Data Science
73,65,96,80,76,37,37,67,68,89,Investigacion Tecnologica
61,65,98,58,72,47,28,51,56,69,Investigacion Tecnologica
30,39,52,59,52,89,87,40,41,40,Ciberseguridad
51,44,47,99,72,30,54,42,64,54,Desarrollo Software
92,22,70,85,95,29,35,37,68,98,Inteligencia Artificial
89,68,79,91,92,22,36,49,38,96,Data Science
28,45,44,47,67,87,89,54,37,32,Redes y Telecomunicaciones
83,66,68,72,89,20,36,66,43,100,Data Science
24,91,57,18,61,10,25,97,87,75,MBA
80,38,53,89,96,50,20,39,38,94,Data Science
27,87,36,28,50,10,37,89,90,53,Marketing Digital
23,92,55,45,57,37,25,65,90,59,Gestion de Proyectos
48,94,63,39,53,29,38,79,88,70,Gestion de Proyectos
96,23,71,86,84,41,69,46,69,100,Inteligencia Artificial
58,42,90,48,88,50,48,71,52,78,Investigacion Tecnologica
43,94,49,49,50,22,22,79,88,80,MBA
45,94,49,38,52,11,11,77,89,42,MBA
69,48,96,44,90,36,33,53,65,71,Investigacion Tecnologica
66,55,31,50,74,87,100,57,50,68,Ciberseguridad
29,90,69,23,86,13,31,77,53,75,Finanzas
64,41,61,81,93,20,49,32,38,94,Data Science
21,100,37,33,50,18,20,76,99,42,MBA
31,65,62,57,99,21,38,52,60,88,Finanzas
87,63,67,71,100,26,35,65,37,93,Data Science
44,89,60,11,70,28,23,93,97,48,MBA
33,32,60,60,57,98,93,33,42,68,Ciberseguridad
24,84,42,65,70,26,37,84,87,70,Gestion de Proyectos
99,60,57,90,93,52,41,54,54,91,Inteligencia Artificial
20,93,48,42,80,11,22,76,92,67,MBA
98,53,51,91,99,43,43,66,53,89,Inteligencia Artificial
50,45,46,57,45,99,88,59,35,46,Ciberseguridad
53,35,48,98,85,42,44,43,69,80,Desarrollo Software
52,77,54,36,90,28,39,79,72,91,Finanzas
63,51,91,71,78,48,47,74,67,77,Investigacion Tecnologica
59,70,94,76,82,46,40,63,66,61,Investigacion Tecnologica
90,54,67,86,95,38,39,52,41,92,Inteligencia Artificial
20,84,62,60,79,48,22,66,79,65,Gestion de Proyectos
79,47,60,77,85,21,46,39,44,90,Data Science
90,48,64,76,81,45,22,45,39,88,Data Science
62,59,90,68,74,42,26,53,52,80,Investigacion Tecnologica
87,36,50,99,86,40,35,54,65,93,Inteligencia Artificial
31,60,33,44,75,94,90,33,63,52,Redes y Telecomunicaciones
80,56,53,75,100,23,25,62,45,88,Data Science
56,66,54,41,86,10,22,67,53,77,Finanzas
69,58,98,62,85,43,34,57,51,88,Investigacion Tecnologica
31,33,30,58,52,93,98,54,57,57,Ciberseguridad
60,31,59,97,77,57,48,67,47,79,Desarrollo Software
69,61,63,84,92,25,39,40,46,93,Data Science
58,55,40,59,44,93,68,43,51,70,Redes y Telecomunicaciones
37,95,38,22,49,35,37,100,95,54,MBA
36,80,51,45,87,12,26,78,65,95,Finanzas
32,85,50,54,61,15,24,89,82,67,Marketing Digital
80,67,69,94,97,48,20,36,58,90,Data Science
72,36,75,78,99,33,50,65,40,96,Data Science
31,85,44,46,47,50,34,72,82,61,Gestion de Proyectos
77,57,95,45,84,27,41,59,49,75,Investigacion Tecnologica
20,82,43,35,64,36,30,77,93,68,Gestion de Proyectos
45,88,47,39,42,12,27,76,93,78,MBA
99,27,59,82,98,41,67,67,53,97,Inteligencia Artificial
76,53,44,92,80,44,37,43,41,70,Desarrollo Software
50,71,47,52,86,20,25,78,62,92,Finanzas
90,59,54,89,100,27,29,40,51,85,Data Science
74,57,53,76,96,40,49,32,32,100,Data Science
65,54,100,71,84,27,38,59,44,69,Investigacion Tecnologica
27,34,32,61,66,97,89,63,69,60,Redes y Telecomunicaciones
33,87,53,58,48,32,40,86,76,68,Marketing Digital
48,44,98,58,93,42,48,53,46,81,Investigacion Tecnologica
75,33,63,99,80,34,66,64,57,75,Desarrollo Software
60,30,40,68,60,94,69,52,50,46,Redes y Telecomunicaciones
49,40,43,74,72,100,93,45,50,45,Ciberseguridad
37,45,43,70,76,89,71,51,53,41,Redes y Telecomunicaciones
22,54,39,44,73,99,64,42,67,36,Redes y Telecomunicaciones
90,66,60,87,95,25,45,65,43,85,Data Science
42,86,46,20,53,12,35,82,98,48,MBA
76,48,63,97,77,42,64,62,61,55,Desarrollo Software
32,57,59,54,75,96,98,48,38,51,Ciberseguridad
34,43,50,83,45,93,95,49,32,70,Ciberseguridad
47,84,69,55,53,28,42,86,90,68,Gestion de Proyectos
43,83,41,41,89,15,38,57,78,76,Finanzas
30,40,60,64,43,86,78,48,40,39,Redes y Telecomunicaciones
36,100,45,39,78,29,13,85,92,60,MBA
30,33,55,60,64,99,86,59,35,68,Ciberseguridad
35,82,44,36,47,24,39,88,72,58,Marketing Digital
40,98,41,44,41,32,22,66,87,72,Gestion de Proyectos
47,36,49,58,68,80,96,32,41,56,Ciberseguridad
36,81,62,52,56,30,29,65,81,76,Gestion de Proyectos
23,81,56,44,45,34,37,96,90,77,Marketing Digital
25,59,56,57,48,94,77,45,58,70,Redes y Telecomunicaciones
85,61,52,70,80,28,37,66,43,92,Data Science
37,89,49,54,92,20,30,55,60,76,Finanzas
33,81,61,37,58,38,41,62,80,62,Gestion de Proyectos
55,98,50,56,78,24,41,64,83,75,Gestion de Proyectos
50,87,47,28,40,28,17,94,84,76,Marketing Digital
60,77,67,44,70,24,26,96,88,74,Marketing Digital
56,42,32,88,83,31,32,43,65,75,Desarrollo Software
36,34,52,76,76,99,81,63,33,57,Redes y Telecomunicaciones
67,68,52,86,85,34,44,66,50,99,Data Science
48,88,65,35,44,39,19,93,86,80,Marketing Digital
48,79,70,23,86,13,13,53,64,82,Finanzas
87,46,55,98,81,60,47,42,58,90,Inteligencia Artificial
21,87,54,63,47,35,21,65,91,52,Gestion de Proyectos
45,96,40,10,42,29,27,80,98,53,MBA
26,40,60,49,50,98,66,58,36,41,Redes y Telecomunicaciones
95,47,66,91,93,38,35,38,69,83,Inteligencia Artificial
43,50,49,60,76,84,92,39,38,59,Ciberseguridad
62,52,66,91,81,50,47,35,60,89,Data Science
31,41,41,44,64,93,87,44,70,52,Redes y Telecomunicaciones
78,49,66,99,81,65,68,60,41,75,Desarrollo Software
73,58,64,85,75,35,52,55,41,75,Desarrollo Software
70,61,50,93,98,31,29,40,31,99,Data Science
95,47,51,88,88,47,34,32,63,83,Inteligencia Artificial
27,89,35,30,34,40,23,100,87,51,Marketing Digital
48,45,31,47,54,85,89,62,56,60,Redes y Telecomunicaciones
55,98,44,45,42,29,37,79,88,78,Gestion de Proyectos
68,40,39,69,68,81,94,32,48,55,Ciberseguridad
52,37,41,55,42,84,96,39,41,62,Ciberseguridad
61,59,33,84,59,93,98,43,42,59,Ciberseguridad
22,85,69,26,65,23,25,85,78,73,Marketing Digital
43,83,32,38,63,38,32,95,73,65,Marketing Digital
53,50,48,53,67,93,98,60,58,41,Ciberseguridad
64,42,51,79,59,97,93,34,47,67,Ciberseguridad
78,40,80,90,98,26,45,31,59,87,Data Science
58,62,40,51,89,19,25,77,66,76,Finanzas
60,30,52,63,79,93,87,47,38,55,Redes y Telecomunicaciones
54,69,43,48,93,36,20,60,52,76,Finanzas
58,77,32,60,45,16,12,96,90,55,Marketing Digital
23,40,52,54,69,91,62,56,44,45,Redes y Telecomunicaciones
93,32,79,84,94,41,44,43,60,82,Inteligencia Artificial
96,52,69,87,98,50,64,60,69,89,Inteligencia Artificial
100,50,75,92,93,23,35,70,41,93,Inteligencia Artificial
28,87,44,63,64,28,30,75,79,62,Gestion de Proyectos
51,55,94,41,72,23,50,73,41,83,Investigacion Tecnologica
35,84,66,30,46,37,37,65,84,70,Gestion de Proyectos
43,49,37,67,57,84,93,46,46,61,Ciberseguridad
87,52,77,85,78,40,65,42,60,91,Inteligencia Artificial
83,68,55,71,92,31,28,54,36,96,Data Science
39,83,43,69,77,47,25,61,91,69,Gestion de Proyectos
34,48,43,69,51,84,92,36,32,61,Ciberseguridad
11,99,48,39,78,32,21,82,99,55,MBA
30,44,60,40,74,91,81,65,64,66,Redes y Telecomunicaciones
26,55,42,56,75,88,68,48,64,56,Redes y Telecomunicaciones
55,85,40,36,47,44,48,61,85,55,Gestion de Proyectos
31,89,49,40,46,26,13,80,85,79,MBA
100,55,51,81,85,37,54,43,57,88,Inteligencia Artificial
25,34,46,40,53,95,87,40,68,43,Redes y Telecomunicaciones
69,49,59,87,66,66,50,50,49,54,Desarrollo Software
97,52,62,87,93,60,58,64,38,94,Inteligencia Artificial
51,47,39,98,71,46,51,53,68,72,Desarrollo Software
65,31,39,99,90,58,40,67,60,67,Desarrollo Software
62,40,46,89,90,50,70,50,53,64,Desarrollo Software
37,89,35,29,70,11,22,92,89,55,Marketing Digital
74,39,62,85,86,44,28,60,43,88,Data Science
30,87,41,24,63,25,36,98,86,40,MBA
25,33,34,53,47,91,80,39,42,63,Redes y Telecomunicaciones
29,84,32,23,31,14,22,94,82,51,Marketing Digital
61,66,95,67,93,38,48,77,60,88,Investigacion Tecnologica
77,44,62,90,92,29,28,30,43,88,Data Science
40,42,97,79,80,49,22,52,46,87,Investigacion Tecnologica
46,30,59,67,66,91,62,54,40,49,Redes y Telecomunicaciones
69,42,72,86,92,20,22,46,30,96,Data Science
98,34,66,96,97,39,64,52,55,98,Inteligencia Artificial
78,61,50,73,81,44,22,60,44,97,Data Science
63,32,37,94,69,56,48,61,44,60,Desarrollo Software
44,31,46,55,52,94,70,31,46,62,Redes y Telecomunicaciones
22,98,35,44,43,17,19,92,98,52,MBA
32,100,68,47,78,49,43,78,79,68,Gestion de Proyectos
95,33,79,88,92,22,43,52,45,90,Inteligencia Artificial
66,62,93,58,74,49,37,53,70,67,Investigacion Tecnologica
82,68,78,75,95,29,45,62,32,93,Data Science
78,36,53,89,76,37,51,46,43,77,Desarrollo Software
26,34,31,60,75,99,89,34,45,50,Redes y Telecomunicaciones
16,93,57,32,60,32,14,87,95,52,MBA
40,35,42,56,74,96,82,67,37,56,Redes y Telecomunicaciones
58,66,91,64,73,39,20,77,44,83,Investigacion Tecnologica
25,47,55,46,75,100,84,68,69,69,Redes y Telecomunicaciones
37,88,40,55,69,49,46,77,82,77,Gestion de Proyectos
71,58,68,99,63,56,41,60,58,77,Desarrollo Software
43,42,91,69,77,28,39,55,63,87,Investigacion Tecnologica
29,85,40,47,48,26,33,88,74,75,Marketing Digital
57,71,52,49,99,36,16,58,55,81,Finanzas
68,52,39,58,41,97,89,38,33,50,Ciberseguridad
34,40,46,68,63,90,67,45,52,41,Redes y Telecomunicaciones
49,90,70,58,62,41,28,74,89,66,Gestion de Proyectos
52,87,54,60,59,20,45,63,89,61,Gestion de Proyectos
45,35,51,60,45,91,61,56,31,54,Redes y Telecomunicaciones
36,86,48,58,54,44,48,86,92,64,Gestion de Proyectos
86,59,79,95,86,46,41,35,43,97,Inteligencia Artificial
42,70,96,50,78,49,48,71,56,68,Investigacion Tecnologica
36,77,62,55,64,39,16,88,84,58,Marketing Digital
75,63,53,85,83,50,40,66,32,92,Data Science
94,26,60,90,80,32,35,40,34,80,Inteligencia Artificial
90,29,58,99,76,42,30,61,37,92,Inteligencia Artificial
50,51,94,71,74,26,48,60,56,67,Investigacion Tecnologica
15,99,45,27,42,39,15,78,86,64,MBA
29,82,46,60,64,22,39,73,84,80,Gestion de Proyectos
33,80,70,51,61,28,24,84,77,69,Gestion de Proyectos
50,50,38,54,59,95,66,31,31,68,Redes y Telecomunicaciones
86,45,50,80,100,41,30,66,37,82,Inteligencia Artificial
52,43,32,51,80,85,64,59,53,69,Redes y Telecomunicaciones
93,39,67,98,95,51,41,61,66,85,Inteligencia Artificial
36,89,56,37,57,19,10,97,70,80,Marketing Digital
71,50,72,91,87,40,30,32,45,95,Data Science
29,91,41,64,73,44,36,77,78,61,Gestion de Proyectos
59,56,36,76,64,89,67,36,45,63,Redes y Telecomunicaciones
26,91,54,49,72,10,17,77,92,51,MBA
54,55,92,53,83,41,36,55,55,87,Investigacion Tecnologica
19,91,43,23,46,25,17,93,98,61,MBA
56,60,90,60,84,37,36,67,48,88,Investigacion Tecnologica
29,78,44,46,88,20,12,60,60,80,Finanzas
51,38,47,86,77,46,34,65,44,75,Desarrollo Software
76,42,61,94,80,50,34,45,59,59,Desarrollo Software
64,40,61,86,82,32,69,61,69,71,Desarrollo Software
32,83,69,60,69,26,36,89,85,67,Marketing Digital
54,34,32,72,75,88,71,64,55,45,Redes y Telecomunicaciones
90,37,59,81,87,20,26,63,58,90,Data Science
81,40,53,77,84,26,38,58,33,88,Data Science
37,90,44,47,57,40,30,64,82,70,Gestion de Proyectos
76,49,94,65,82,49,27,78,61,72,Investigacion Tecnologica
55,82,56,34,38,20,39,88,85,71,Marketing Digital
87,47,61,83,90,24,22,45,55,85,Data Science
78,67,56,72,99,25,40,34,43,87,Data Science
34,30,47,61,80,98,75,52,64,36,Redes y Telecomunicaciones
86,38,62,74,85,33,49,62,38,86,Data Science
90,23,74,92,82,45,53,52,41,100,Inteligencia Artificial
44,43,38,80,63,90,65,44,64,32,Redes y Telecomunicaciones
67,53,64,86,65,60,41,53,63,70,Desarrollo Software
52,71,40,30,33,26,20,95,83,59,Marketing Digital
50,55,48,52,52,88,77,54,63,54,Redes y Telecomunicaciones
50,48,50,69,54,93,86,60,32,43,Ciberseguridad
77,33,63,92,81,35,48,66,44,50,Desarrollo Software
53,85,53,37,51,28,28,81,93,70,Gestion de Proyectos
28,100,36,27,79,38,12,88,99,76,MBA
24,95,48,22,65,25,16,84,99,69,MBA
71,50,68,94,93,21,34,60,35,95,Data Science
58,62,90,77,85,23,35,53,51,79,Investigacion Tecnologica
35,41,54,44,51,91,64,65,66,50,Redes y Telecomunicaciones
31,87,67,26,59,18,23,89,73,72,Marketing Digital
55,85,47,20,44,38,23,89,85,50,Marketing Digital
52,48,32,96,85,55,30,56,46,54,Desarrollo Software
27,52,41,60,74,96,77,38,61,40,Redes y Telecomunicaciones
75,49,62,89,85,20,49,62,52,89,Data Science
74,57,53,88,64,69,45,51,60,51,Desarrollo Software
20,75,42,60,55,19,25,95,81,68,Marketing Digital
47,83,64,56,94,19,34,75,57,95,Finanzas
42,79,45,33,40,39,32,94,72,54,Marketing Digital
25,47,40,43,50,93,67,55,60,50,Redes y Telecomunicaciones
29,83,47,47,51,22,46,77,77,73,Gestion de Proyectos
22,78,52,41,97,17,35,68,64,93,Finanzas
64,32,76,83,83,30,31,57,53,97,Data Science
39,49,42,53,73,94,75,61,38,53,Redes y Telecomunicaciones
29,87,37,32,40,12,35,85,72,55,Marketing Digital
23,89,41,20,68,37,39,88,98,47,MBA
99,42,54,85,82,30,31,33,57,81,Inteligencia Artificial
86,31,64,88,93,48,53,47,40,86,Inteligencia Artificial
78,64,70,76,94,37,46,60,40,97,Data Science
45,82,40,42,89,12,39,59,57,76,Finanzas
36,84,67,25,45,28,33,95,82,56,Marketing Digital
53,59,37,75,63,100,90,32,54,61,Ciberseguridad
88,34,80,86,99,48,34,37,58,89,Data Science
44,67,66,48,99,30,39,59,71,75,Finanzas
61,64,100,62,91,47,43,80,62,71,Investigacion Tecnologica
39,50,57,78,54,90,77,33,50,38,Redes y Telecomunicaciones
70,41,36,94,60,59,53,67,46,57,Desarrollo Software
43,48,95,60,84,35,39,68,57,74,Investigacion Tecnologica
46,67,99,46,91,43,34,56,63,90,Investigacion Tecnologica
31,30,44,65,47,99,84,45,60,42,Redes y Telecomunicaciones
57,57,46,62,66,83,86,37,57,46,Ciberseguridad
57,45,53,45,59,92,61,55,53,43,Redes y Telecomunicaciones
55,31,60,64,79,88,92,59,47,51,Ciberseguridad
60,86,70,55,31,13,29,97,71,54,Marketing Digital
66,68,97,48,75,46,49,55,57,69,Investigacion Tecnologica
62,32,35,99,80,44,38,47,56,75,Desarrollo Software
58,54,33,80,61,91,85,57,44,54,Ciberseguridad
64,67,77,91,96,46,50,31,59,99,Data Science
91,27,57,81,83,41,40,45,31,82,Inteligencia Artificial
63,38,62,85,83,36,54,42,42,64,Desarrollo Software
45,36,49,55,71,87,60,69,48,60,Redes y Telecomunicaciones
34,70,57,41,100,35,26,71,72,83,Finanzas
46,95,35,29,42,28,16,81,87,40,MBA
27,88,41,66,59,39,33,67,84,68,Gestion de Proyectos
65,47,90,50,88,35,48,72,60,75,Investigacion Tecnologica
56,52,53,69,73,94,74,58,58,52,Redes y Telecomunicaciones
46,60,43,47,87,18,39,76,62,91,Finanzas
52,89,45,62,54,39,42,73,77,64,Gestion de Proyectos
46,80,48,52,73,42,28,85,78,60,Gestion de Proyectos
60,89,58,47,92,31,37,54,63,82,Finanzas
42,85,40,37,60,26,39,75,100,42,MBA
54,31,37,70,54,93,79,46,63,49,Redes y Telecomunicaciones
54,88,68,25,96,35,30,68,67,79,Finanzas
49,35,42,70,42,96,97,52,59,40,Ciberseguridad
60,55,63,71,86,30,31,60,47,95,Data Science
74,31,58,82,93,49,49,43,42,93,Data Science
42,55,59,57,60,87,69,67,33,41,Redes y Telecomunicaciones
58,85,65,60,96,39,34,69,55,93,Finanzas
50,52,43,84,66,98,95,51,47,44,Ciberseguridad
57,81,45,27,60,39,36,89,90,70,Marketing Digital
74,41,79,80,96,48,44,49,51,100,Data Science
94,57,77,98,83,28,55,54,44,81,Inteligencia Artificial
25,38,53,68,69,97,88,70,55,35,Redes y Telecomunicaciones
33,71,31,30,35,30,17,92,89,62,Marketing Digital
77,65,99,46,76,29,41,52,40,89,Investigacion Tecnologica
39,97,52,13,77,28,40,99,98,66,MBA
44,83,61,25,90,13,15,69,68,75,Finanzas
85,34,69,92,95,49,32,50,51,83,Inteligencia Artificial
41,98,63,48,47,43,24,65,90,61,Gestion de Proyectos
48,88,58,52,92,35,26,56,68,77,Finanzas
98,51,56,90,87,48,36,50,47,91,Inteligencia Artificial
38,71,62,38,35,17,28,86,85,56,Marketing Digital
50,32,67,98,64,53,40,53,57,54,Desarrollo Software
54,58,36,66,51,90,98,42,43,48,Ciberseguridad
45,35,45,52,74,95,66,56,31,65,Redes y Telecomunicaciones
58,51,34,71,55,82,91,34,41,52,Ciberseguridad
89,56,60,97,86,48,67,51,65,94,Inteligencia Artificial
67,61,92,80,80,44,48,72,64,68,Investigacion Tecnologica
56,49,53,98,89,32,60,47,56,80,Desarrollo Software
53,100,46,53,56,37,25,77,95,65,Gestion de Proyectos
86,45,57,87,100,46,52,55,30,85,Inteligencia Artificial
46,57,48,52,45,79,94,53,59,40,Ciberseguridad
46,85,33,36,42,29,40,100,82,55,Marketing Digital
79,50,57,94,65,70,68,56,49,80,Desarrollo Software
35,70,39,30,59,21,39,89,81,79,Marketing Digital
34,60,34,51,72,89,96,49,47,60,Ciberseguridad
69,56,93,47,86,34,44,75,58,90,Investigacion Tecnologica
12,86,59,19,77,30,17,81,89,62,MBA
36,83,43,44,63,20,43,83,88,62,Gestion de Proyectos
32,34,44,63,41,98,61,44,69,52,Redes y Telecomunicaciones
35,36,43,46,57,86,67,41,41,37,Redes y Telecomunicaciones
55,60,42,68,73,89,79,69,36,65,Redes y Telecomunicaciones
52,80,67,41,54,16,28,88,80,50,Marketing Digital
39,85,41,58,89,25,13,54,59,86,Finanzas
73,67,97,59,73,22,32,69,48,84,Investigacion Tecnologica
45,50,33,77,71,97,85,43,31,44,Ciberseguridad
28,79,51,48,94,39,29,69,53,82,Finanzas
60,91,45,65,43,41,42,63,84,78,Gestion de Proyectos
47,88,60,23,77,11,25,97,85,79,MBA
55,86,47,22,95,15,29,69,55,89,Finanzas
92,55,66,85,87,33,66,61,66,93,Inteligencia Artificial
78,58,93,59,85,46,45,78,50,83,Investigacion Tecnologica
48,46,31,76,55,81,88,35,30,54,Ciberseguridad
80,44,43,97,75,44,48,47,47,57,Desarrollo Software
68,53,30,79,48,98,85,36,36,64,Ciberseguridad
72,60,56,92,87,61,62,50,62,72,Desarrollo Software
44,42,94,74,72,43,23,63,43,85,Investigacion Tecnologica
47,65,92,64,75,28,20,72,67,61,Investigacion Tecnologica
91,26,62,94,91,23,52,31,48,87,Inteligencia Artificial
81,40,54,95,96,20,48,33,53,94,Data Science
48,95,30,46,51,16,39,83,85,80,MBA
60,58,33,85,68,69,65,59,62,70,Desarrollo Software
59,100,51,41,54,31,26,86,94,58,Gestion de Proyectos
36,91,49,45,41,23,37,94,88,60,MBA
52,85,37,35,44,18,33,97,79,74,Marketing Digital
50,84,31,30,35,23,31,99,70,64,Marketing Digital
52,33,37,88,66,56,66,41,54,65,Desarrollo Software
64,63,78,81,82,31,43,53,40,88,Data Science
70,66,94,66,94,45,27,72,52,76,Investigacion Tecnologica
57,63,100,61,75,34,38,61,68,60,Investigacion Tecnologica
98,21,60,80,86,59,70,45,50,89,Inteligencia Artificial
45,51,59,50,58,94,75,37,51,64,Redes y Telecomunicaciones
31,95,52,45,40,27,30,83,91,79,MBA
80,35,69,73,80,44,43,59,55,85,Data Science
70,37,69,97,70,38,37,41,62,73,Desarrollo Software
49,56,39,50,77,94,88,42,53,40,Ciberseguridad
50,42,33,90,76,33,43,65,43,75,Desarrollo Software
87,22,54,81,98,55,57,38,70,81,Inteligencia Artificial
68,45,61,86,84,32,23,55,46,100,Data Science
61,51,92,41,76,44,36,54,49,81,Investigacion Tecnologica
20,34,47,65,44,90,65,41,66,41,Redes y Telecomunicaciones
24,60,43,73,62,93,81,61,33,67,Redes y Telecomunicaciones
48,62,64,56,92,25,28,76,51,95,Finanzas
31,99,70,38,50,28,36,89,79,68,Gestion de Proyectos
75,59,98,55,84,37,25,80,52,80,Investigacion Tecnologica
60,68,100,60,76,46,24,77,69,71,Investigacion Tecnologica
30,92,38,44,64,15,22,83,99,41,MBA
43,40,100,75,76,27,30,56,48,85,Investigacion Tecnologica
67,65,79,90,85,28,33,38,53,86,Data Science
60,98,70,41,58,45,24,89,91,69,Gestion de Proyectos
91,37,74,81,95,59,43,37,68,97,Inteligencia Artificial
47,57,41,58,66,90,90,38,31,61,Ciberseguridad
16,93,37,23,75,23,24,93,95,71,MBA
62,56,95,51,75,26,26,65,51,77,Investigacion Tecnologica
42,81,50,21,91,14,40,74,58,79,Finanzas
87,36,78,92,100,25,42,44,33,100,Data Science
74,65,61,85,83,20,37,43,37,91,Data Science
79,59,68,100,80,70,41,42,51,63,Desarrollo Software
49,86,31,19,74,39,31,85,87,46,MBA
47,63,70,59,92,33,29,61,79,80,Finanzas
42,81,54,55,93,32,27,73,76,79,Finanzas
60,68,63,38,100,27,32,52,73,92,Finanzas
53,79,42,43,85,14,31,56,75,80,Finanzas
60,65,52,59,92,27,21,58,50,80,Finanzas
24,65,57,23,96,40,21,51,78,78,Finanzas
36,50,52,46,53,86,75,46,54,34,Redes y Telecomunicaciones
78,41,52,98,79,60,64,56,48,75,Desarrollo Software
98,46,52,98,78,34,65,61,45,80,Inteligencia Artificial
78,70,53,79,91,50,47,37,52,95,Data Science
93,29,71,84,87,48,54,57,63,100,Inteligencia Artificial
98,35,66,95,95,44,31,41,69,80,Inteligencia Artificial
47,95,56,45,49,23,22,91,100,53,MBA
32,30,57,70,67,94,85,49,34,46,Ciberseguridad
64,36,46,99,90,33,31,56,44,56,Desarrollo Software
87,44,67,97,92,38,30,61,62,89,Inteligencia Artificial
46,32,37,70,68,97,69,51,44,40,Redes y Telecomunicaciones
63,58,35,100,69,70,31,67,58,61,Desarrollo Software
63,65,67,74,90,34,26,49,46,87,Data Science
36,99,56,36,64,39,27,79,76,61,Gestion de Proyectos
66,52,31,90,71,41,45,52,56,79,Desarrollo Software
30,87,56,42,78,40,19,77,87,74,MBA
37,46,55,63,60,78,88,54,38,46,Ciberseguridad
31,53,33,64,66,92,68,44,31,68,Redes y Telecomunicaciones
70,46,69,90,93,23,24,58,33,90,Data Science
40,57,40,51,42,80,97,54,30,42,Ciberseguridad
42,89,57,60,90,32,17,59,66,85,Finanzas
43,81,67,49,57,35,40,100,86,51,Marketing Digital
38,59,45,78,48,81,86,51,53,49,Ciberseguridad
59,85,57,47,50,21,45,60,93,72,Gestion de Proyectos
98,50,79,95,89,59,48,47,44,80,Inteligencia Artificial
39,70,35,54,42,11,21,89,78,63,Marketing Digital
21,46,49,54,52,90,81,44,48,31,Redes y Telecomunicaciones
30,93,58,46,40,45,44,70,80,59,Gestion de Proyectos
16,90,46,11,67,35,39,82,85,62,MBA
41,70,91,60,88,28,22,50,45,60,Investigacion Tecnologica
57,68,94,49,74,28,40,51,66,75,Investigacion Tecnologica
51,74,68,43,95,17,13,52,66,91,Finanzas
62,38,42,58,40,100,93,47,35,67,Ciberseguridad
85,50,50,97,97,34,33,65,43,100,Inteligencia Artificial
60,50,68,72,82,36,43,52,36,96,Data Science
64,37,54,77,80,30,41,39,37,98,Data Science
13,98,54,26,70,16,27,93,89,66,MBA
23,83,58,69,46,30,35,70,87,73,Gestion de Proyectos
40,71,63,27,65,37,40,100,82,69,Marketing Digital
91,41,75,100,92,32,66,68,65,87,Inteligencia Artificial
34,53,33,80,46,98,87,30,38,67,Ciberseguridad
28,88,57,28,80,29,38,83,94,66,MBA
47,88,61,45,47,23,49,77,84,62,Gestion de Proyectos
60,82,52,50,60,30,23,62,89,69,Gestion de Proyectos
53,71,68,59,48,26,18,100,87,66,Marketing Digital
79,34,75,74,80,28,29,34,39,94,Data Science
32,75,56,60,99,22,33,75,80,94,Finanzas
84,48,62,80,86,34,45,57,30,93,Data Science
76,69,94,79,81,31,34,73,57,72,Investigacion Tecnologica
36,86,69,57,87,13,10,70,52,90,Finanzas
60,89,58,58,97,18,24,65,71,78,Finanzas
78,36,53,99,70,49,63,44,41,54,Desarrollo Software
55,74,67,40,37,14,21,93,83,73,Marketing Digital
84,41,62,86,81,33,24,54,51,92,Data Science
45,89,57,55,53,44,24,73,78,71,Gestion de Proyectos
79,59,66,85,79,46,35,50,56,51,Desarrollo Software
24,83,55,57,45,27,20,75,91,58,Gestion de Proyectos
42,63,99,48,81,33,23,57,47,84,Investigacion Tecnologica
92,27,74,81,88,50,67,49,54,80,Inteligencia Artificial
36,88,52,55,57,32,28,63,80,71,Gestion de Proyectos
38,82,41,68,71,46,40,74,90,61,Gestion de Proyectos
28,84,69,52,62,46,35,75,75,52,Gestion de Proyectos
59,81,41,25,97,34,14,64,59,85,Finanzas
35,60,52,83,66,98,93,47,32,59,Ciberseguridad
67,56,99,42,79,50,20,55,68,77,Investigacion Tecnologica
64,45,95,52,88,26,32,58,44,68,Investigacion Tecnologica
13,97,50,24,46,22,26,79,87,45,MBA
100,24,63,85,82,27,41,34,40,83,Inteligencia Artificial
53,55,34,77,49,86,77,53,32,32,Redes y Telecomunicaciones
56,79,47,51,88,20,27,63,57,77,Finanzas
48,83,61,35,48,26,28,93,75,52,Marketing Digital
49,85,55,13,79,37,13,94,97,42,MBA
57,96,58,33,41,36,25,86,88,69,Gestion de Proyectos
29,78,52,54,93,29,31,73,74,94,Finanzas
45,45,39,48,62,89,87,59,41,44,Redes y Telecomunicaciones
60,89,53,47,47,33,29,83,77,75,Gestion de Proyectos
75,30,40,99,85,55,53,40,54,59,Desarrollo Software
28,98,46,27,78,24,34,88,92,62,MBA
43,83,66,54,100,39,36,63,78,76,Finanzas
55,96,64,36,78,28,23,71,79,77,Gestion de Proyectos
59,55,94,75,78,31,27,58,67,79,Investigacion Tecnologica
21,83,54,50,58,19,32,97,84,78,Marketing Digital
50,86,42,46,53,27,25,88,79,50,Marketing Digital
54,36,44,64,43,87,94,59,57,46,Ciberseguridad
60,60,50,77,60,80,99,31,40,70,Ciberseguridad
62,34,36,90,81,68,42,47,41,64,Desarrollo Software
20,100,66,33,78,38,25,71,88,58,Gestion de Proyectos
52,85,70,28,34,16,40,88,90,74,Marketing Digital
51,35,43,72,55,99,77,47,52,34,Redes y Telecomunicaciones
33,43,47,77,69,87,83,39,42,31,Redes y Telecomunicaciones
89,43,53,90,98,36,37,35,34,88,Inteligencia Artificial
92,56,65,89,91,45,39,37,49,85,Inteligencia Artificial
28,89,59,50,48,39,27,84,83,70,Gestion de Proyectos
13,95,48,25,41,16,36,82,94,44,MBA
58,47,58,60,46,83,86,40,50,50,Ciberseguridad
66,37,70,94,61,36,57,47,65,71,Desarrollo Software
52,32,40,92,71,61,54,58,50,70,Desarrollo Software
94,25,76,85,93,24,56,45,33,94,Inteligencia Artificial
42,59,51,78,78,92,89,31,66,50,Redes y Telecomunicaciones
73,53,46,100,78,50,68,52,61,79,Desarrollo Software
97,39,80,81,82,28,40,41,50,95,Inteligencia Artificial
11,91,39,29,73,11,22,93,96,65,MBA
89,29,58,98,76,33,61,45,61,99,Inteligencia Artificial
67,43,41,73,55,86,90,48,44,43,Ciberseguridad
59,80,39,43,36,38,23,86,73,70,Marketing Digital
20,96,40,13,51,39,24,78,99,45,MBA
22,96,58,35,40,48,41,88,91,77,Gestion de Proyectos
62,49,68,80,80,40,44,50,40,91,Data Science
59,63,92,70,82,25,31,79,52,67,Investigacion Tecnologica
31,81,51,64,58,35,34,77,79,63,Gestion de Proyectos
35,75,49,41,100,25,10,65,77,88,Finanzas
46,92,45,45,41,34,27,81,86,67,Gestion de Proyectos
26,45,30,58,80,98,71,33,64,35,Redes y Telecomunicaciones
100,49,61,94,81,56,30,64,44,90,Inteligencia Artificial
25,77,47,24,63,26,20,88,80,69,Marketing Digital
28,72,31,44,42,14,13,99,85,69,Marketing Digital
35,92,48,39,40,46,47,76,78,53,Gestion de Proyectos
67,37,30,89,87,62,37,44,51,59,Desarrollo Software
50,98,31,34,74,21,37,98,99,51,MBA
85,28,73,96,100,38,58,65,68,100,Inteligencia Artificial
70,52,69,91,97,41,37,40,36,97,Data Science
28,88,51,28,49,14,27,80,96,75,MBA
47,81,45,45,52,20,14,95,85,79,Marketing Digital
21,93,34,39,53,35,25,89,91,48,MBA
67,44,55,77,55,80,95,34,32,58,Ciberseguridad
35,89,54,39,91,19,11,75,56,88,Finanzas
90,42,78,99,84,27,44,33,61,93,Inteligencia Artificial
22,83,55,55,70,33,37,99,74,63,Marketing Digital
22,83,65,52,41,20,33,89,85,62,Marketing Digital
20,97,33,13,71,26,36,75,87,53,MBA
44,86,41,38,49,16,19,93,78,75,Marketing Digital
47,30,55,44,50,87,66,56,60,30,Redes y Telecomunicaciones
52,57,97,52,78,33,42,79,42,80,Investigacion Tecnologica
34,81,69,42,69,38,48,83,83,76,Gestion de Proyectos
85,41,78,86,80,23,40,53,40,87,Data Science
60,52,52,58,72,80,89,41,33,53,Ciberseguridad
36,36,31,76,59,96,83,35,33,32,Redes y Telecomunicaciones
98,57,79,81,82,51,53,64,38,80,Inteligencia Artificial
13,88,37,18,67,27,17,94,88,53,MBA
97,22,60,100,81,51,55,50,35,92,Inteligencia Artificial
42,40,98,40,72,28,43,80,70,84,Investigacion Tecnologica
48,76,67,24,50,13,25,100,77,69,Marketing Digital
65,64,94,50,79,24,26,62,50,87,Investigacion Tecnologica
45,67,48,53,88,25,16,65,63,85,Finanzas
80,57,51,75,99,49,38,66,35,86,Data Science
70,60,100,80,86,20,29,71,59,61,Investigacion Tecnologica
89,60,51,83,95,51,65,37,66,87,Inteligencia Artificial
38,77,64,26,65,10,22,96,89,54,Marketing Digital
73,31,67,85,79,69,55,52,54,79,Desarrollo Software
27,36,58,45,65,99,69,40,70,57,Redes y Telecomunicaciones
86,69,78,92,90,49,24,42,57,94,Data Science
42,35,56,65,42,76,93,60,53,47,Ciberseguridad
32,87,44,26,44,32,37,87,91,62,MBA
35,84,55,30,69,42,35,60,93,71,Gestion de Proyectos
54,73,41,54,94,20,13,53,76,77,Finanzas
59,39,58,91,84,65,44,44,57,54,Desarrollo Software
77,46,65,93,86,55,31,56,62,50,Desarrollo Software
57,57,45,100,80,53,53,65,67,77,Desarrollo Software
33,81,54,29,68,39,13,93,89,50,Marketing Digital
69,53,73,87,84,32,35,32,35,92,Data Science
35,96,32,40,44,10,29,84,88,42,MBA
92,52,59,100,96,29,42,45,53,80,Inteligencia Artificial
70,57,51,57,60,82,85,52,50,47,Ciberseguridad
40,48,51,51,71,88,96,33,50,57,Ciberseguridad
53,98,41,41,73,24,25,86,76,61,Gestion de Proyectos
71,55,66,74,92,36,27,33,50,96,Data Science
71,57,90,56,71,42,21,63,57,61,Investigacion Tecnologica
55,50,49,90,74,53,49,48,61,68,Desarrollo Software
29,95,44,34,56,14,18,81,96,57,MBA
69,41,53,61,42,100,88,49,51,60,Ciberseguridad
43,99,62,34,40,35,31,81,91,53,Gestion de Proyectos
54,52,40,56,59,99,65,39,30,31,Redes y Telecomunicaciones
31,54,47,68,67,93,89,49,46,44,Ciberseguridad
48,87,53,47,62,16,37,88,92,46,MBA
87,46,52,96,75,42,35,33,41,94,Inteligencia Artificial
27,80,66,37,85,27,15,55,55,81,Finanzas
40,36,35,63,80,85,85,42,52,54,Ciberseguridad
55,47,53,66,44,96,94,36,30,58,Ciberseguridad
66,48,56,72,80,90,94,32,50,50,Ciberseguridad
40,63,98,70,83,24,26,57,61,62,Investigacion Tecnologica
13,87,46,18,56,21,32,81,100,48,MBA
38,75,48,30,52,38,21,91,86,56,Marketing Digital
52,54,93,50,74,22,34,76,52,61,Investigacion Tecnologica
50,88,41,31,94,31,23,63,50,81,Finanzas
52,42,56,97,63,31,57,57,52,59,Desarrollo Software
24,92,70,70,53,37,44,83,91,62,Gestion de Proyectos
32,92,63,67,79,44,45,79,95,71,Gestion de Proyectos
86,57,52,88,83,56,63,34,47,93,Inteligencia Artificial
33,31,43,77,48,87,90,45,43,48,Ciberseguridad
78,39,66,86,96,35,22,66,38,97,Data Science
20,90,57,53,51,24,20,77,79,66,Gestion de Proyectos
51,81,63,43,66,30,23,63,93,77,Gestion de Proyectos
46,50,100,59,74,40,41,72,40,66,Investigacion Tecnologica
35,66,59,26,87,35,11,64,74,82,Finanzas
100,30,53,94,82,54,68,57,34,85,Inteligencia Artificial
40,86,48,17,53,18,11,86,87,57,MBA
85,34,77,82,77,53,47,36,46,88,Inteligencia Artificial
21,53,36,59,63,99,73,40,46,35,Redes y Telecomunicaciones
44,58,93,55,73,39,24,60,41,89,Investigacion Tecnologica
42,70,97,62,84,22,23,80,44,62,Investigacion Tecnologica
55,57,54,81,79,83,87,47,40,62,Ciberseguridad
89,32,60,88,86,30,38,35,50,92,Inteligencia Artificial
44,46,48,55,48,97,71,41,44,50,Redes y Telecomunicaciones
76,40,61,95,83,44,32,36,50,85,Data Science
42,57,93,77,87,31,24,76,54,83,Investigacion Tecnologica
100,47,61,97,81,43,66,52,32,80,Inteligencia Artificial
30,84,59,34,65,44,30,69,83,73,Gestion de Proyectos
92,46,56,83,97,53,34,55,31,89,Inteligencia Artificial
94,44,57,99,85,51,30,56,31,90,Inteligencia Artificial
48,59,30,66,70,87,64,47,34,33,Redes y Telecomunicaciones
23,90,35,24,56,23,30,90,92,54,MBA
95,38,78,86,82,21,57,46,30,81,Inteligencia Artificial
41,83,49,55,70,28,39,90,94,61,Gestion de Proyectos
80,57,58,92,93,28,21,41,37,98,Data Science
22,65,66,31,90,15,12,76,56,77,Finanzas
35,67,70,58,88,26,19,58,76,88,Finanzas
97,45,57,91,80,51,59,57,62,84,Inteligencia Artificial
69,43,60,86,72,38,45,67,56,71,Desarrollo Software
46,69,100,41,71,37,21,78,65,86,Investigacion Tecnologica
91,30,70,85,88,46,65,56,43,98,Inteligencia Artificial
60,34,78,86,95,44,43,64,49,95,Data Science
49,100,32,18,73,29,18,97,98,77,MBA
63,36,31,58,51,88,86,55,30,55,Ciberseguridad
50,92,50,58,49,37,50,82,79,79,Gestion de Proyectos
86,29,62,83,83,42,63,60,39,98,Inteligencia Artificial
34,84,64,42,54,45,49,73,94,57,Gestion de Proyectos
68,35,44,76,44,91,96,39,42,45,Ciberseguridad
76,67,51,76,89,48,35,67,41,99,Data Science
36,85,36,25,57,27,22,87,90,41,MBA
48,84,58,29,91,38,27,58,68,94,Finanzas
41,37,35,66,69,78,88,44,40,62,Ciberseguridad
69,46,33,54,55,91,89,30,60,47,Ciberseguridad
46,96,47,35,58,27,37,84,81,63,Gestion de Proyectos
37,48,36,64,43,75,86,32,32,53,Ciberseguridad
63,45,99,63,94,43,30,67,54,69,Investigacion Tecnologica
72,62,91,54,93,31,46,55,62,85,Investigacion Tecnologica
92,39,71,83,83,39,58,66,55,81,Inteligencia Artificial
83,70,58,86,82,48,35,64,58,94,Data Science
43,73,36,27,38,34,13,93,73,79,Marketing Digital
25,72,64,51,92,19,32,72,76,76,Finanzas
50,93,52,24,40,23,33,97,90,76,MBA
46,100,69,70,64,49,43,63,87,64,Gestion de Proyectos
26,86,70,47,75,49,27,76,84,58,Gestion de Proyectos
80,54,90,48,93,37,49,72,44,74,Investigacion Tecnologica
92,33,68,85,90,22,57,58,39,100,Inteligencia Artificial
73,59,90,56,90,35,20,60,60,66,Investigacion Tecnologica
79,59,70,75,90,50,42,68,55,93,Data Science
47,80,55,61,62,31,41,82,93,54,Gestion de Proyectos
45,82,61,36,61,44,46,74,93,68,Gestion de Proyectos
40,85,65,23,87,21,28,58,50,77,Finanzas
81,34,53,95,98,29,45,56,55,90,Data Science
61,44,35,88,89,56,34,47,61,61,Desarrollo Software
43,46,97,54,71,32,36,54,61,63,Investigacion Tecnologica
28,68,53,29,94,28,21,53,52,75,Finanzas
46,88,53,39,46,10,38,100,80,52,Marketing Digital
30,37,47,44,41,88,64,32,64,30,Redes y Telecomunicaciones
44,58,49,69,76,82,96,41,37,61,Ciberseguridad
26,65,42,42,97,23,21,61,59,76,Finanzas
48,84,33,59,53,38,27,92,73,71,Marketing Digital
67,46,90,63,81,38,40,57,52,88,Investigacion Tecnologica
47,86,41,26,97,26,11,70,59,87,Finanzas
29,60,40,73,51,93,72,66,55,34,Redes y Telecomunicaciones
59,79,30,31,51,24,11,96,79,65,Marketing Digital
53,75,67,43,97,37,15,80,63,85,Finanzas
28,67,66,38,92,34,10,78,58,85,Finanzas
74,58,63,89,62,32,46,62,58,52,Desarrollo Software
82,46,72,87,82,49,44,44,43,85,Data Science
51,54,61,95,85,58,69,52,51,68,Desarrollo Software
56,53,91,74,74,27,45,76,68,89,Investigacion Tecnologica
80,36,35,100,66,63,67,59,63,51,Desarrollo Software
97,55,60,80,96,39,36,32,49,97,Inteligencia Artificial
53,46,90,44,78,47,45,54,69,61,Investigacion Tecnologica
46,71,62,20,86,28,24,67,70,81,Finanzas
62,58,70,93,84,23,31,60,52,100,Data Science
31,35,36,65,53,100,75,54,52,63,Redes y Telecomunicaciones
59,66,46,43,88,37,23,58,53,81,Finanzas
44,53,49,51,63,79,89,46,39,64,Ciberseguridad
38,90,53,52,41,32,37,89,83,64,Marketing Digital
38,98,40,48,40,48,22,80,93,59,Gestion de Proyectos
90,55,68,84,76,35,63,55,44,90,Inteligencia Artificial
65,67,98,67,86,37,22,61,57,81,Investigacion Tecnologica
24,59,45,69,40,86,66,48,48,54,Redes y Telecomunicaciones
65,36,58,50,45,87,100,34,44,41,Ciberseguridad
29,50,38,76,51,96,81,50,38,70,Redes y Telecomunicaciones
29,73,41,54,91,29,40,77,70,84,Finanzas
27,68,61,30,95,22,37,53,71,94,Finanzas
70,34,64,94,87,33,37,35,34,89,Data Science
42,71,57,26,97,25,14,63,77,85,Finanzas
40,93,40,50,67,30,45,66,92,71,Gestion de Proyectos
42,83,45,27,96,40,23,72,58,81,Finanzas
38,48,54,64,41,91,96,46,34,57,Ciberseguridad
29,49,48,74,80,89,87,30,35,55,Redes y Telecomunicaciones
62,31,58,83,54,75,97,53,36,67,Ciberseguridad
38,98,31,28,50,27,20,93,87,45,MBA
25,60,44,47,52,96,83,39,45,66,Redes y Telecomunicaciones
45,56,92,74,75,31,21,52,49,68,Investigacion Tecnologica
43,89,40,31,42,13,27,100,70,55,Marketing Digital
31,88,59,51,91,28,39,66,61,94,Finanzas
48,44,58,50,78,100,84,64,35,43,Redes y Telecomunicaciones
60,33,65,85,76,59,63,41,56,68,Desarrollo Software
41,55,96,75,93,33,39,73,40,67,Investigacion Tecnologica
91,49,69,91,92,41,62,64,32,89,Inteligencia Artificial
55,40,90,68,95,25,32,51,45,61,Investigacion Tecnologica
34,92,45,46,66,48,32,90,82,77,Gestion de Proyectos
39,48,60,46,60,92,71,32,50,44,Redes y Telecomunicaciones
32,86,41,43,95,12,28,78,57,85,Finanzas
66,51,65,95,96,48,48,55,55,96,Data Science
51,49,100,49,93,38,42,56,41,83,Investigacion Tecnologica
50,59,46,65,69,92,94,41,50,64,Ciberseguridad
62,37,70,86,97,40,34,32,43,99,Data Science
27,71,40,50,99,37,23,60,65,82,Finanzas
55,98,64,67,72,31,49,84,94,78,Gestion de Proyectos
20,43,36,58,71,99,71,60,43,64,Redes y Telecomunicaciones
39,50,47,74,67,99,85,31,42,68,Redes y Telecomunicaciones
86,46,54,71,90,20,23,63,57,100,Data Science
39,90,32,40,68,27,35,96,89,41,MBA
47,73,60,49,97,32,23,60,56,80,Finanzas
100,33,64,94,78,38,34,42,53,81,Inteligencia Artificial
14,93,40,26,69,10,10,92,89,49,MBA
68,48,52,53,45,100,96,46,39,62,Ciberseguridad
23,63,53,38,92,23,29,71,64,92,Finanzas
71,53,90,53,74,34,39,65,59,69,Investigacion Tecnologica
90,42,64,85,87,35,31,54,69,91,Inteligencia Artificial
25,76,65,36,36,25,13,89,74,54,Marketing Digital
100,52,77,93,93,25,34,66,50,85,Inteligencia Artificial
97,20,80,85,92,46,67,44,38,85,Inteligencia Artificial
46,57,30,71,64,86,88,46,45,54,Ciberseguridad
57,39,52,59,73,98,62,51,67,55,Redes y Telecomunicaciones
48,84,35,30,53,24,19,98,83,66,Marketing Digital
76,67,63,94,90,27,27,68,53,92,Data Science
50,85,57,46,56,31,40,63,83,69,Gestion de Proyectos
46,93,36,44,48,23,33,100,95,44,MBA
79,48,59,91,79,44,41,64,65,79,Desarrollo Software
27,74,32,52,45,19,31,93,70,62,Marketing Digital
50,89,57,48,68,31,35,81,99,75,MBA
37,91,46,48,76,21,24,88,91,80,MBA
78,31,69,77,86,50,24,65,36,88,Data Science
70,36,55,54,79,83,87,33,56,60,Ciberseguridad
74,46,38,93,73,57,66,51,41,53,Desarrollo Software
72,38,66,89,78,65,57,42,52,61,Desarrollo Software
97,41,62,91,77,20,43,31,67,88,Inteligencia Artificial
57,60,46,42,99,38,26,65,70,78,Finanzas
72,37,52,95,85,38,30,65,55,92,Data Science
33,69,50,46,89,14,34,59,61,84,Finanzas
66,42,69,84,93,26,34,63,35,86,Data Science
92,44,74,83,89,37,59,69,62,88,Inteligencia Artificial
34,78,46,47,87,33,36,54,73,76,Finanzas
70,33,71,92,94,32,25,64,55,86,Data Science
39,76,63,20,46,22,11,89,84,79,Marketing Digital
54,55,43,81,50,85,97,34,31,68,Ciberseguridad
34,82,51,47,63,37,24,66,85,54,Gestion de Proyectos
34,68,42,36,91,33,25,76,51,79,Finanzas
38,86,56,54,57,31,20,96,72,52,Marketing Digital
59,81,63,41,54,21,39,77,93,74,Gestion de Proyectos
86,34,73,81,85,36,30,49,53,90,Inteligencia Artificial
32,81,70,23,93,11,11,60,69,79,Finanzas
38,78,49,24,94,15,14,67,73,89,Finanzas
51,38,64,87,63,59,32,52,43,71,Desarrollo Software
56,51,33,68,74,100,60,46,60,39,Redes y Telecomunicaciones
60,74,55,38,56,30,37,100,75,64,Marketing Digital
85,58,75,97,86,21,67,69,60,90,Inteligencia Artificial
37,75,36,41,69,29,32,96,88,68,Marketing Digital
37,92,45,53,42,20,32,90,78,78,Gestion de Proyectos
66,51,39,94,72,66,44,41,69,50,Desarrollo Software
30,75,64,53,51,35,20,100,79,62,Marketing Digital
41,95,31,35,44,32,13,86,96,63,MBA
41,91,43,70,53,24,47,77,85,55,Gestion de Proyectos
53,84,63,37,55,20,35,100,81,69,Marketing Digital
66,52,94,55,70,30,25,59,46,73,Investigacion Tecnologica
30,90,48,66,77,45,32,67,82,66,Gestion de Proyectos
78,42,62,99,82,45,59,40,62,67,Desarrollo Software
54,93,41,45,74,37,25,82,83,53,Gestion de Proyectos
82,43,50,91,82,38,34,52,34,91,Data Science
35,81,42,51,90,24,33,62,51,85,Finanzas
54,34,58,63,62,79,89,37,41,54,Ciberseguridad
22,71,51,47,97,38,29,59,61,81,Finanzas
98,57,64,96,92,37,37,53,44,81,Inteligencia Artificial
86,40,79,95,78,37,34,30,47,81,Inteligencia Artificial
31,87,56,58,51,38,17,98,75,76,Marketing Digital
54,67,97,42,71,21,35,57,40,67,Investigacion Tecnologica
32,71,44,35,90,37,35,78,64,94,Finanzas
88,65,51,70,90,34,40,49,60,97,Data Science
53,95,49,52,41,28,37,83,81,65,Gestion de Proyectos
47,44,47,59,44,85,73,58,44,60,Redes y Telecomunicaciones
52,30,62,98,64,45,59,65,68,55,Desarrollo Software
51,33,34,58,80,99,86,53,57,56,Ciberseguridad
44,47,40,81,79,78,96,43,54,69,Ciberseguridad
87,52,71,94,76,25,32,34,50,94,Inteligencia Artificial
65,59,95,45,83,46,47,54,57,68,Investigacion Tecnologica
52,82,56,42,74,43,45,87,95,78,Gestion de Proyectos
47,92,30,13,75,28,11,76,93,69,MBA
26,89,43,46,62,27,32,94,83,61,Marketing Digital
100,59,72,97,80,60,36,59,62,85,Inteligencia Artificial
58,50,97,47,77,45,32,65,43,87,Investigacion Tecnologica
40,74,54,38,85,13,39,75,59,77,Finanzas
98,28,59,91,75,31,59,44,60,82,Inteligencia Artificial
66,46,51,91,80,25,26,61,49,89,Data Science
41,86,56,50,44,14,10,94,100,41,MBA
58,41,35,53,73,89,97,35,51,55,Ciberseguridad
73,63,93,52,82,25,27,77,44,60,Investigacion Tecnologica
70,68,50,89,90,36,43,34,33,98,Data Science
72,68,80,81,98,30,32,33,58,97,Data Science
41,92,59,23,54,24,15,84,92,68,MBA
74,46,30,89,84,46,50,49,53,51,Desarrollo Software
35,73,60,21,63,13,24,94,81,69,Marketing Digital
66,39,33,69,42,89,95,47,50,55,Ciberseguridad
35,88,40,45,59,24,23,93,83,65,Marketing Digital
71,43,53,87,82,65,54,50,48,80,Desarrollo Software
34,78,34,36,31,34,16,86,78,59,Marketing Digital
56,89,61,50,55,19,16,96,85,51,Marketing Digital
45,75,40,40,94,24,40,61,74,94,Finanzas
18,100,31,37,52,27,19,95,95,57,MBA
50,62,99,51,89,41,42,70,42,61,Investigacion Tecnologica
31,58,38,55,40,98,89,54,65,55,Redes y Telecomunicaciones
38,83,57,31,40,27,41,73,80,68,Gestion de Proyectos
52,37,31,59,70,95,94,44,44,40,Ciberseguridad
96,30,68,96,98,32,62,66,36,83,Inteligencia Artificial
18,98,55,44,56,13,11,88,97,52,MBA
89,60,70,82,93,44,28,69,41,94,Data Science
53,54,50,100,64,61,39,43,67,52,Desarrollo Software
42,55,99,46,78,48,29,72,42,60,Investigacion Tecnologica
46,73,56,25,85,17,32,78,70,91,Finanzas
99,57,53,85,90,56,32,68,57,98,Inteligencia Artificial
77,44,71,89,81,43,27,49,46,98,Data Science
35,60,53,61,47,87,83,34,42,36,Redes y Telecomunicaciones
47,48,47,78,64,92,78,58,53,57,Redes y Telecomunicaciones
49,32,47,83,50,83,85,56,31,52,Ciberseguridad
51,59,59,89,60,50,46,62,41,66,Desarrollo Software
36,87,57,44,63,20,20,94,89,52,MBA
21,84,38,36,50,22,20,99,75,73,Marketing Digital
57,72,64,27,46,34,33,88,88,50,Marketing Digital
27,42,57,73,44,95,61,48,35,67,Redes y Telecomunicaciones
29,52,42,57,69,94,89,57,31,51,Redes y Telecomunicaciones
58,53,36,58,74,91,63,56,36,53,Redes y Telecomunicaciones
67,48,100,46,89,28,35,54,51,80,Investigacion Tecnologica
36,99,52,47,48,46,20,67,81,58,Gestion de Proyectos
27,93,65,54,43,46,22,81,81,53,Gestion de Proyectos
36,32,56,45,55,100,61,53,68,43,Redes y Telecomunicaciones
73,33,54,92,68,55,60,62,57,60,Desarrollo Software
99,24,72,93,97,39,47,69,42,95,Inteligencia Artificial
27,95,54,46,47,23,36,71,95,77,Gestion de Proyectos
44,95,64,37,61,40,39,65,86,77,Gestion de Proyectos
63,48,100,63,95,35,45,60,50,74,Investigacion Tecnologica
70,32,58,67,41,95,88,38,60,41,Ciberseguridad
65,51,37,80,41,83,90,44,44,63,Ciberseguridad
48,87,66,36,41,36,32,79,95,74,Gestion de Proyectos
36,45,58,76,59,90,75,69,44,58,Redes y Telecomunicaciones
75,47,63,96,81,49,70,54,53,64,Desarrollo Software
93,36,76,88,75,22,45,64,53,100,Inteligencia Artificial
36,31,35,75,64,81,87,34,50,48,Ciberseguridad
31,90,67,65,66,28,42,82,94,78,Gestion de Proyectos
10,91,56,27,48,33,16,97,89,61,MBA
25,85,30,18,72,26,23,81,87,43,MBA
39,86,58,22,85,30,27,74,67,88,Finanzas
88,35,63,97,91,41,62,53,36,99,Inteligencia Artificial
30,47,54,49,47,97,62,50,48,60,Redes y Telecomunicaciones
31,77,70,49,69,11,24,88,72,63,Marketing Digital
42,98,43,60,57,27,31,89,90,69,Gestion de Proyectos
57,66,94,72,72,44,20,53,40,66,Investigacion Tecnologica
68,59,46,95,82,30,38,48,67,67,Desarrollo Software
28,54,37,76,60,94,78,39,42,61,Redes y Telecomunicaciones
56,34,30,61,43,87,82,48,49,56,Redes y Telecomunicaciones
49,46,35,62,61,97,69,52,36,55,Redes y Telecomunicaciones
40,60,38,75,57,95,97,39,53,65,Ciberseguridad
54,52,68,87,75,62,70,51,51,59,Desarrollo Software
10,90,41,23,51,22,12,87,93,69,MBA
60,35,41,55,73,94,99,47,39,43,Ciberseguridad
57,59,45,68,43,93,88,58,55,54,Redes y Telecomunicaciones
35,61,59,20,88,19,23,65,51,86,Finanzas
45,97,51,68,55,47,23,84,90,66,Gestion de Proyectos
60,39,52,56,69,89,68,30,56,45,Redes y Telecomunicaciones
60,66,58,94,81,40,27,42,45,96,Data Science
32,49,42,78,68,84,92,46,30,44,Ciberseguridad
97,48,54,97,99,21,48,66,70,88,Inteligencia Artificial
77,49,100,58,71,39,48,58,63,60,Investigacion Tecnologica
15,93,43,40,58,22,34,82,100,47,MBA
34,78,43,35,61,25,34,95,88,59,Marketing Digital
77,56,92,72,87,49,40,66,54,65,Investigacion Tecnologica
66,30,30,99,88,50,35,52,57,69,Desarrollo Software
56,43,35,60,58,78,91,48,37,54,Ciberseguridad
53,70,50,53,65,38,12,88,87,61,Marketing Digital
65,58,58,93,79,56,41,49,47,65,Desarrollo Software
59,37,35,51,55,93,87,34,32,61,Redes y Telecomunicaciones
99,30,51,80,85,21,32,68,66,95,Inteligencia Artificial
64,35,66,99,64,70,39,62,41,68,Desarrollo Software
36,55,41,74,72,96,81,48,68,37,Redes y Telecomunicaciones
12,98,56,43,40,29,16,84,91,60,MBA
68,30,58,87,89,22,44,63,40,98,Data Science
42,66,90,49,76,46,20,71,66,69,Investigacion Tecnologica
41,93,65,59,78,39,35,73,87,79,Gestion de Proyectos
46,52,48,43,40,85,73,31,45,36,Redes y Telecomunicaciones
39,64,61,30,91,16,25,58,75,86,Finanzas
47,48,93,63,84,26,36,62,61,81,Investigacion Tecnologica
31,59,35,62,64,97,74,68,66,48,Redes y Telecomunicaciones
75,60,66,99,88,58,61,52,70,73,Desarrollo Software
30,48,30,53,67,90,72,56,47,67,Redes y Telecomunicaciones
59,52,96,43,76,33,30,79,55,63,Investigacion Tecnologica
59,48,48,68,52,93,71,32,56,45,Redes y Telecomunicaciones
98,46,63,80,90,37,45,36,46,100,Inteligencia Artificial
50,91,39,27,43,17,34,79,87,51,MBA
73,56,79,87,88,33,43,46,36,100,Data Science
67,39,37,59,50,84,86,42,42,43,Ciberseguridad
65,37,70,86,80,59,37,45,59,76,Desarrollo Software
87,35,58,85,83,49,42,50,44,88,Inteligencia Artificial
59,73,58,53,95,33,25,64,70,87,Finanzas
55,89,36,52,49,28,19,100,73,68,Marketing Digital
91,32,79,100,82,35,43,42,55,100,Inteligencia Artificial
72,59,59,79,84,43,35,47,30,96,Data Science
26,42,47,75,43,87,90,48,48,55,Redes y Telecomunicaciones
21,51,57,46,57,97,65,66,49,63,Redes y Telecomunicaciones
62,44,74,92,80,25,33,30,35,89,Data Science
67,46,30,96,72,61,52,54,55,76,Desarrollo Software
39,30,43,70,76,86,75,45,52,38,Redes y Telecomunicaciones
58,44,53,83,57,97,94,51,33,51,Ciberseguridad
48,82,45,28,30,19,27,91,80,72,Marketing Digital
26,75,38,23,69,35,22,92,75,72,Marketing Digital
46,46,40,46,59,95,60,66,42,67,Redes y Telecomunicaciones
20,96,59,15,74,28,28,76,87,65,MBA
100,41,64,99,92,38,33,34,63,93,Inteligencia Artificial
97,40,78,87,93,36,36,51,68,84,Inteligencia Artificial
97,49,61,82,82,42,41,48,30,86,Inteligencia Artificial
61,42,66,99,81,45,52,69,41,76,Desarrollo Software
33,43,40,75,46,85,88,35,42,46,Ciberseguridad
40,49,90,73,76,29,43,56,63,82,Investigacion Tecnologica
39,88,61,26,35,34,34,97,77,69,Marketing Digital
98,20,68,98,99,51,70,44,64,95,Inteligencia Artificial
47,95,39,23,48,27,33,83,90,46,MBA
58,60,98,67,71,21,34,66,56,84,Investigacion Tecnologica
26,81,44,36,50,30,21,64,90,58,Gestion de Proyectos
48,66,40,42,100,30,24,67,62,91,Finanzas
31,87,56,46,32,31,16,99,88,72,Marketing Digital
58,72,34,55,30,13,10,89,85,69,Marketing Digital
50,99,37,38,80,40,21,100,90,61,MBA
92,39,62,98,90,38,49,34,56,98,Inteligencia Artificial
67,70,97,78,89,35,38,71,45,81,Investigacion Tecnologica
99,51,53,87,83,32,50,67,41,81,Inteligencia Artificial
31,54,30,77,56,87,69,49,31,46,Redes y Telecomunicaciones
57,96,69,47,49,35,34,89,84,70,Gestion de Proyectos
59,86,64,42,98,12,19,65,51,91,Finanzas
26,91,43,20,52,26,30,76,89,75,MBA
41,66,54,41,96,28,17,77,64,82,Finanzas
58,30,53,76,76,76,99,31,60,66,Ciberseguridad
71,32,69,90,86,21,50,41,45,94,Data Science
31,59,47,60,78,76,91,54,48,48,Ciberseguridad
42,71,40,31,50,13,40,96,72,75,Marketing Digital
10,85,50,22,41,13,10,76,90,59,MBA
49,87,42,21,99,23,26,78,54,86,Finanzas
68,55,51,73,49,77,85,52,30,45,Ciberseguridad
89,27,51,84,88,47,41,57,35,85,Inteligencia Artificial
82,60,53,81,82,30,26,48,56,86,Data Science
28,97,43,46,79,14,39,99,96,70,MBA
70,56,63,99,62,69,31,40,55,62,Desarrollo Software
85,58,67,91,80,49,42,47,57,91,Data Science
69,63,68,84,87,43,47,47,53,93,Data Science
56,88,49,45,37,14,24,87,85,53,Marketing Digital
58,47,46,99,66,36,60,49,64,50,Desarrollo Software
86,59,51,94,78,20,55,47,46,98,Inteligencia Artificial
79,36,62,98,63,35,70,66,67,73,Desarrollo Software
51,36,56,55,79,89,67,56,38,59,Redes y Telecomunicaciones
47,62,99,42,74,28,37,65,58,87,Investigacion Tecnologica
23,81,53,57,48,28,22,99,83,68,Marketing Digital
55,89,66,49,98,21,31,66,77,84,Finanzas
26,71,61,27,35,15,24,96,83,67,Marketing Digital
62,38,47,79,66,97,97,31,42,54,Ciberseguridad
49,96,63,45,43,50,33,83,95,77,Gestion de Proyectos
48,85,62,59,97,39,29,63,55,95,Finanzas
40,85,58,11,70,15,40,95,97,52,MBA
42,42,32,54,66,96,93,30,48,66,Ciberseguridad
90,31,56,86,81,28,31,59,42,85,Inteligencia Artificial
66,59,54,53,72,93,94,45,43,48,Ciberseguridad
47,96,47,45,54,10,24,88,99,60,MBA
22,84,51,47,32,19,29,89,75,66,Marketing Digital
39,85,63,21,91,25,34,59,61,78,Finanzas
91,25,65,94,87,46,38,61,38,88,Inteligencia Artificial
42,100,54,35,80,13,28,84,97,41,MBA
77,70,97,54,76,34,35,55,62,76,Investigacion Tecnologica
56,86,54,26,58,34,21,96,90,67,Marketing Digital
45,92,45,19,70,16,15,92,89,68,MBA
45,75,45,58,30,17,34,90,81,75,Marketing Digital
70,54,51,51,79,98,92,34,45,56,Ciberseguridad
100,50,72,96,86,58,31,67,41,85,Inteligencia Artificial
63,46,31,79,46,96,99,43,37,65,Ciberseguridad
26,90,45,61,62,37,44,76,94,76,Gestion de Proyectos
24,82,38,35,37,19,12,91,81,66,Marketing Digital
55,79,59,33,86,10,20,70,73,78,Finanzas
76,40,56,85,85,31,48,51,51,80,Desarrollo Software
92,32,73,87,86,27,69,52,61,84,Inteligencia Artificial
61,48,38,85,72,31,42,51,53,54,Desarrollo Software
24,85,36,17,62,27,16,82,91,43,MBA
70,60,50,93,99,25,22,39,36,91,Data Science
35,46,54,51,73,83,99,40,46,60,Ciberseguridad
81,61,73,75,84,38,44,40,55,97,Data Science
38,80,40,52,42,29,42,63,82,53,Gestion de Proyectos
85,42,50,72,94,33,23,68,39,94,Data Science
42,90,40,26,52,22,39,94,95,73,MBA
44,70,40,33,43,13,10,100,87,70,Marketing Digital
27,100,58,19,67,30,24,96,98,47,MBA
28,79,66,26,45,28,33,86,86,75,Marketing Digital
33,89,53,30,52,20,34,97,84,80,Marketing Digital
43,74,54,56,95,22,20,77,75,90,Finanzas
78,62,96,80,76,45,27,68,60,89,Investigacion Tecnologica
66,60,100,42,89,29,45,58,55,70,Investigacion Tecnologica
32,98,61,51,49,44,49,82,92,69,Gestion de Proyectos
39,92,32,47,72,27,29,78,96,63,MBA
20,48,31,58,64,87,64,64,54,38,Redes y Telecomunicaciones
75,48,41,96,77,37,30,60,43,74,Desarrollo Software
100,59,78,85,83,56,53,49,58,89,Inteligencia Artificial
34,97,57,48,60,35,29,60,94,52,Gestion de Proyectos
31,34,34,68,54,85,76,59,46,56,Redes y Telecomunicaciones
58,32,52,57,50,96,85,63,31,63,Redes y Telecomunicaciones
84,40,53,80,98,21,36,69,50,86,Data Science
35,82,65,21,40,16,22,90,79,50,Marketing Digital
87,64,53,75,91,47,39,58,42,90,Data Science
99,53,51,89,93,43,65,52,45,93,Inteligencia Artificial
67,42,35,66,41,93,95,52,37,40,Ciberseguridad
40,89,47,33,93,24,20,76,57,77,Finanzas
53,52,69,85,70,31,43,58,45,57,Desarrollo Software
30,98,39,26,50,27,13,80,94,75,MBA
100,52,66,90,99,45,51,62,65,87,Inteligencia Artificial
31,30,32,68,68,78,98,35,56,58,Ciberseguridad
48,96,59,40,42,27,47,71,94,62,Gestion de Proyectos
44,89,55,61,49,36,49,89,80,71,Gestion de Proyectos
91,60,60,85,87,35,38,46,46,81,Inteligencia Artificial
26,42,43,46,79,100,85,58,37,48,Redes y Telecomunicaciones
45,73,51,34,99,40,30,64,69,84,Finanzas
58,97,49,41,75,50,22,85,86,50,Gestion de Proyectos
20,49,50,69,42,92,83,34,32,32,Redes y Telecomunicaciones
20,46,60,64,80,99,85,57,53,35,Redes y Telecomunicaciones
61,52,38,51,60,92,89,46,53,50,Ciberseguridad
82,51,56,86,84,33,23,61,34,92,Data Science
87,58,64,96,94,43,68,31,52,89,Inteligencia Artificial
48,43,55,75,63,95,81,52,38,66,Redes y Telecomunicaciones
51,77,64,39,41,13,16,99,77,77,Marketing Digital
90,35,58,78,95,49,48,67,55,88,Data Science
53,38,33,62,42,85,85,44,54,48,Redes y Telecomunicaciones
55,89,62,20,86,14,34,59,78,81,Finanzas
52,55,69,85,66,44,62,65,51,79,Desarrollo Software
86,38,73,79,92,37,20,30,35,88,Data Science
88,64,77,90,100,29,40,39,47,87,Data Science
76,52,97,75,93,47,41,68,41,60,Investigacion Tecnologica
68,38,31,55,78,78,99,54,42,43,Ciberseguridad
64,32,64,82,91,45,40,31,42,87,Data Science
99,30,50,95,84,31,45,69,57,95,Inteligencia Artificial
84,53,50,81,96,45,30,63,45,91,Data Science
77,46,49,85,63,43,52,59,42,71,Desarrollo Software
56,64,47,42,97,35,16,68,74,92,Finanzas
88,66,57,73,96,22,45,52,38,98,Data Science
85,53,63,80,84,60,56,60,69,85,Inteligencia Artificial
42,40,95,75,94,37,40,75,40,68,Investigacion Tecnologica
31,56,44,77,75,91,87,64,55,68,Redes y Telecomunicaciones
71,57,92,61,89,25,34,65,50,67,Investigacion Tecnologica
71,36,72,95,89,34,43,64,40,89,Data Science
77,30,55,81,85,42,44,48,54,98,Data Science
25,95,39,30,46,17,37,84,92,64,MBA
65,60,57,78,40,90,100,30,55,63,Ciberseguridad
59,98,67,55,46,32,38,66,78,51,Gestion de Proyectos
39,60,56,79,55,89,89,51,33,70,Ciberseguridad
45,57,49,64,68,88,90,56,55,64,Ciberseguridad
68,35,60,95,65,63,69,40,59,55,Desarrollo Software
49,37,54,57,76,87,80,53,51,69,Redes y Telecomunicaciones
80,70,59,77,81,40,24,53,49,100,Data Science
58,48,52,69,69,75,88,43,39,67,Ciberseguridad
53,33,54,50,55,96,67,60,53,44,Redes y Telecomunicaciones
51,94,52,33,46,32,20,86,85,51,Gestion de Proyectos
73,53,64,81,87,48,32,55,59,95,Data Science
44,61,44,39,94,35,24,70,67,77,Finanzas
35,68,47,56,87,40,14,65,70,93,Finanzas
95,44,60,98,83,28,58,56,40,85,Inteligencia Artificial
61,56,37,99,87,36,63,45,65,64,Desarrollo Software
90,42,73,100,87,55,67,44,51,96,Inteligencia Artificial
100,57,54,86,82,55,41,50,56,92,Inteligencia Artificial
50,34,63,91,66,30,35,44,64,63,Desarrollo Software
24,63,63,50,88,34,24,69,73,78,Finanzas
42,45,37,44,67,85,80,64,37,58,Redes y Telecomunicaciones
88,28,57,94,88,27,65,62,47,88,Inteligencia Artificial
25,84,70,54,65,25,15,97,70,70,Marketing Digital
78,50,96,78,91,35,39,56,64,70,Investigacion Tecnologica
40,94,51,36,45,19,35,78,98,48,MBA
91,49,50,94,75,40,62,35,46,96,Inteligencia Artificial
41,59,36,76,80,88,88,49,52,40,Redes y Telecomunicaciones
39,63,68,37,85,19,24,73,55,80,Finanzas
68,56,66,100,83,60,56,42,46,76,Desarrollo Software
58,34,45,72,43,96,96,40,41,45,Ciberseguridad
59,36,54,77,79,100,91,59,49,56,Ciberseguridad
63,58,99,57,71,30,38,77,55,64,Investigacion Tecnologica
47,75,48,39,42,12,23,92,74,69,Marketing Digital
12,92,34,38,76,36,22,97,99,69,MBA
45,100,48,69,47,30,27,87,92,66,Gestion de Proyectos
79,70,90,61,79,23,45,52,60,82,Investigacion Tecnologica
61,41,34,87,87,65,56,65,56,76,Desarrollo Software
57,55,47,68,58,99,88,67,47,65,Redes y Telecomunicaciones
37,100,51,46,63,36,21,84,97,56,MBA
11,92,53,48,65,38,20,76,96,65,MBA
72,53,56,86,99,32,37,43,60,89,Data Science
60,47,51,50,67,79,93,31,48,60,Ciberseguridad
56,85,46,58,48,29,14,97,78,64,Marketing Digital
35,95,43,58,62,30,24,86,93,74,Gestion de Proyectos
71,47,93,75,92,24,39,56,42,69,Investigacion Tecnologica
50,49,92,59,76,30,44,69,50,72,Investigacion Tecnologica
57,97,48,58,73,23,48,88,86,51,Gestion de Proyectos
78,51,54,91,84,44,38,39,33,92,Data Science
54,74,52,53,88,14,11,72,50,75,Finanzas
47,99,34,47,60,10,19,94,97,46,MBA
51,44,59,92,68,32,51,46,60,67,Desarrollo Software
42,89,33,16,50,29,31,86,85,75,MBA
29,87,52,57,100,14,21,79,56,87,Finanzas
82,32,61,91,100,36,49,30,51,97,Data Science
34,62,40,46,92,27,12,58,52,94,Finanzas
37,48,58,81,47,97,93,31,44,44,Ciberseguridad
56,48,41,54,54,88,87,49,33,46,Ciberseguridad
59,71,32,39,58,18,22,85,87,51,Marketing Digital
57,53,60,66,56,82,90,50,54,64,Ciberseguridad
26,91,31,20,78,28,19,78,87,50,MBA
65,45,93,52,75,25,31,80,54,73,Investigacion Tecnologica
42,52,91,70,81,49,28,68,43,80,Investigacion Tecnologica
28,98,50,30,65,40,28,96,92,69,MBA
24,88,39,48,65,30,26,93,96,52,MBA
24,84,52,46,62,31,31,91,87,69,Marketing Digital
25,94,36,32,73,30,19,77,87,76,MBA
60,66,69,59,91,40,39,70,55,81,Finanzas
77,45,70,94,64,56,50,56,65,80,Desarrollo Software
56,74,61,57,38,36,18,94,90,54,Marketing Digital
24,59,46,70,46,86,82,63,33,62,Redes y Telecomunicaciones
60,84,41,43,40,39,49,64,76,63,Gestion de Proyectos
53,31,49,44,72,85,68,43,42,67,Redes y Telecomunicaciones
26,94,57,48,73,32,38,82,88,64,Gestion de Proyectos
90,70,69,84,96,37,39,32,40,100,Data Science
87,36,72,81,94,40,38,41,36,87,Inteligencia Artificial
42,85,30,50,67,12,17,75,94,42,MBA
11,100,39,29,74,32,24,86,98,59,MBA
43,91,38,25,49,30,19,86,94,64,MBA
58,60,44,77,76,90,88,55,53,47,Ciberseguridad
34,47,40,78,52,83,98,52,53,63,Ciberseguridad
31,94,60,12,48,28,24,80,91,76,MBA
67,35,43,65,40,80,87,32,59,53,Ciberseguridad
27,70,41,54,40,20,23,95,77,72,Marketing Digital
54,52,52,100,63,30,53,57,48,72,Desarrollo Software
50,49,30,68,80,100,95,52,54,42,Ciberseguridad
34,85,42,53,100,23,21,67,78,93,Finanzas
70,47,33,97,88,61,53,52,50,65,Desarrollo Software
94,59,75,85,84,44,40,35,35,99,Inteligencia Artificial
41,89,70,55,41,40,46,62,80,58,Gestion de Proyectos
40,59,94,71,91,50,46,58,60,82,Investigacion Tecnologica
25,74,65,29,45,35,28,99,82,52,Marketing Digital
32,85,44,41,45,40,34,71,79,70,Gestion de Proyectos
26,91,49,38,46,12,20,99,87,57,MBA
40,50,45,55,43,94,88,49,55,41,Redes y Telecomunicaciones
43,53,53,52,68,80,88,47,33,64,Ciberseguridad
51,55,92,67,72,30,35,79,48,86,Investigacion Tecnologica
20,60,44,51,85,19,12,66,51,76,Finanzas
22,80,44,25,97,19,24,64,57,80,Finanzas
25,82,40,38,98,34,32,66,75,83,Finanzas
69,50,91,63,72,21,24,69,58,89,Investigacion Tecnologica
51,52,93,67,74,50,43,59,52,88,Investigacion Tecnologica
98,44,78,94,95,33,49,64,69,100,Inteligencia Artificial
59,76,54,29,47,12,22,96,76,68,Marketing Digital
63,64,56,83,82,25,27,45,52,89,Data Science
43,42,46,53,51,79,100,46,40,56,Ciberseguridad
88,33,65,92,83,31,45,41,37,96,Data Science
81,35,58,85,92,26,24,31,37,85,Data Science
63,54,55,58,63,83,93,44,60,63,Ciberseguridad
32,98,46,69,76,25,20,74,78,60,Gestion de Proyectos
38,89,32,25,62,31,18,99,98,48,MBA
67,47,77,77,84,41,21,39,32,88,Data Science
51,65,92,57,77,39,46,76,59,82,Investigacion Tecnologica
40,31,37,45,52,87,87,55,37,37,Redes y Telecomunicaciones
65,56,52,59,45,90,90,34,54,43,Ciberseguridad
47,97,70,43,54,22,42,79,79,62,Gestion de Proyectos
57,58,41,62,41,96,86,37,49,55,Ciberseguridad
73,58,52,80,90,29,41,55,30,89,Data Science
50,32,68,90,68,39,70,68,44,72,Desarrollo Software
74,61,60,80,96,33,43,56,46,97,Data Science
38,92,45,37,45,30,35,97,89,54,MBA
39,44,31,62,65,89,99,34,48,52,Ciberseguridad
67,68,93,72,78,23,45,66,63,80,Investigacion Tecnologica
40,60,52,54,93,12,25,69,66,93,Finanzas
44,80,65,44,49,11,19,95,76,59,Marketing Digital
90,42,53,79,95,31,38,32,40,90,Data Science
54,38,50,74,58,84,98,33,32,61,Ciberseguridad
51,40,97,52,85,42,46,50,49,61,Investigacion Tecnologica
68,49,41,66,67,75,97,35,43,69,Ciberseguridad
28,99,67,39,68,37,41,66,91,70,Gestion de Proyectos
79,53,65,97,90,35,63,66,41,59,Desarrollo Software
47,50,58,45,74,98,88,51,35,53,Redes y Telecomunicaciones
60,39,33,57,66,86,82,40,53,53,Redes y Telecomunicaciones
48,47,41,75,61,97,91,45,43,50,Ciberseguridad
41,90,44,50,57,29,48,62,86,65,Gestion de Proyectos
70,61,71,71,92,42,42,59,51,96,Data Science
39,68,57,36,92,31,32,51,68,84,Finanzas
65,39,38,72,48,99,88,54,53,54,Ciberseguridad
56,37,57,81,63,93,90,31,46,65,Ciberseguridad
95,43,71,92,91,53,30,57,34,99,Inteligencia Artificial
76,48,44,94,83,52,41,54,62,62,Desarrollo Software
50,51,97,52,93,44,35,56,61,72,Investigacion Tecnologica
40,51,60,52,49,92,95,45,59,49,Ciberseguridad
38,79,44,56,57,39,31,92,81,77,Marketing Digital
71,42,93,42,78,50,28,55,69,69,Investigacion Tecnologica
56,35,56,58,63,85,77,42,63,59,Redes y Telecomunicaciones
93,21,63,97,99,41,58,34,50,87,Inteligencia Artificial
25,78,51,35,95,31,14,66,68,76,Finanzas
28,95,40,28,50,27,30,92,97,41,MBA
69,59,44,91,62,41,61,69,66,79,Desarrollo Software
55,76,55,51,87,30,39,66,55,85,Finanzas
100,50,52,96,87,43,60,46,57,82,Inteligencia Artificial
34,100,65,66,41,29,24,63,85,71,Gestion de Proyectos
89,46,63,87,78,34,56,32,64,85,Inteligencia Artificial
26,92,47,45,80,12,10,83,85,64,MBA
30,88,54,45,40,25,17,95,98,46,MBA
91,30,74,84,86,50,67,51,56,89,Inteligencia Artificial
78,42,99,79,74,38,35,56,65,68,Investigacion Tecnologica
75,36,51,75,86,33,21,40,59,91,Data Science
33,57,45,51,54,91,88,55,31,66,Ciberseguridad
26,80,58,59,98,27,22,75,55,95,Finanzas
77,63,72,95,89,32,45,44,57,98,Data Science
48,92,56,17,40,39,24,97,96,77,MBA
47,78,68,20,68,16,15,100,86,77,Marketing Digital
52,31,31,90,80,45,52,51,56,73,Desarrollo Software
52,86,65,37,40,36,27,76,90,57,Gestion de Proyectos
52,42,95,47,70,42,45,78,60,82,Investigacion Tecnologica
32,86,66,30,54,15,30,100,84,76,Marketing Digital
22,85,51,53,88,26,35,66,67,88,Finanzas
61,55,45,85,56,92,89,40,32,53,Ciberseguridad
24,89,64,20,33,17,32,98,78,78,Marketing Digital
16,94,36,47,71,25,14,81,85,67,MBA
26,73,40,51,86,37,25,78,61,83,Finanzas
53,57,55,85,69,66,57,43,50,65,Desarrollo Software
21,62,62,34,93,11,26,61,72,81,Finanzas
33,32,46,54,79,93,96,37,59,54,Ciberseguridad
68,49,55,71,47,79,90,59,47,60,Ciberseguridad
40,42,49,60,54,84,86,57,42,67,Ciberseguridad
85,44,62,77,85,29,44,37,33,89,Data Science
23,36,32,70,73,88,62,62,65,56,Redes y Telecomunicaciones
98,36,69,99,88,41,30,46,37,83,Inteligencia Artificial
41,48,48,54,80,96,89,31,48,57,Ciberseguridad
71,30,34,98,67,31,43,61,47,75,Desarrollo Software
85,51,71,80,78,35,47,46,55,85,Inteligencia Artificial
70,45,44,100,60,53,31,50,57,50,Desarrollo Software
53,50,53,89,90,60,50,60,62,71,Desarrollo Software
20,80,60,46,87,13,40,52,80,79,Finanzas
75,51,59,95,81,39,44,41,35,97,Data Science
43,43,44,73,59,86,85,49,38,64,Ciberseguridad
38,62,55,53,97,40,23,70,62,87,Finanzas
46,77,50,33,89,10,34,63,53,83,Finanzas
41,48,58,69,74,94,100,57,52,58,Ciberseguridad
24,84,65,47,89,23,20,50,51,75,Finanzas
86,51,67,89,81,41,21,45,59,93,Data Science
23,41,49,63,65,85,77,44,59,32,Redes y Telecomunicaciones
47,70,66,32,48,23,14,85,84,59,Marketing Digital
76,40,45,88,78,53,52,58,57,75,Desarrollo Software
69,49,67,100,83,67,46,53,43,54,Desarrollo Software
81,70,55,87,86,47,33,70,55,88,Data Science
14,97,59,33,49,40,31,76,96,79,MBA
41,51,100,46,76,48,30,75,54,76,Investigacion Tecnologica
73,43,32,97,71,46,61,63,70,68,Desarrollo Software
40,58,43,66,73,97,88,33,46,68,Ciberseguridad
42,88,53,44,47,33,21,81,97,61,MBA
70,57,54,52,56,86,100,59,46,61,Ciberseguridad
23,65,51,27,91,18,39,79,61,83,Finanzas
72,53,99,80,81,34,41,53,65,79,Investigacion Tecnologica
22,84,40,39,77,39,30,80,75,50,Gestion de Proyectos
27,95,39,15,80,40,16,85,87,61,MBA
43,89,42,29,56,27,34,93,89,64,MBA
60,46,49,87,66,55,51,49,51,57,Desarrollo Software
47,98,53,50,71,48,35,77,88,71,Gestion de Proyectos
96,44,61,93,77,56,35,69,59,92,Inteligencia Artificial
30,80,40,48,41,27,20,75,84,59,Gestion de Proyectos
29,32,37,44,71,90,68,36,41,48,Redes y Telecomunicaciones
54,64,91,77,78,40,24,67,50,88,Investigacion Tecnologica
72,35,68,77,81,44,29,57,57,89,Data Science
48,72,50,23,98,31,22,74,64,78,Finanzas
69,31,45,99,85,34,42,57,50,80,Desarrollo Software
46,36,32,67,79,96,86,40,38,41,Ciberseguridad
26,44,51,58,57,90,82,61,33,37,Redes y Telecomunicaciones
49,86,59,38,44,23,21,93,71,52,Marketing Digital
47,99,56,61,79,24,31,80,89,80,Gestion de Proyectos
23,44,37,77,57,86,69,41,47,59,Redes y Telecomunicaciones
89,43,60,81,96,30,35,61,58,81,Inteligencia Artificial
32,59,50,75,79,77,92,43,33,58,Ciberseguridad
90,25,60,81,76,59,61,65,42,86,Inteligencia Artificial
51,81,43,45,71,33,29,87,90,66,Gestion de Proyectos
50,89,36,57,64,25,20,92,74,51,Marketing Digital
46,80,67,42,89,14,34,51,66,92,Finanzas
51,49,39,56,57,100,63,32,68,56,Redes y Telecomunicaciones
95,22,74,90,90,49,61,48,41,91,Inteligencia Artificial
28,71,41,55,43,35,17,85,82,63,Marketing Digital
47,61,58,33,91,39,19,57,62,77,Finanzas
96,52,78,87,88,27,60,59,52,81,Inteligencia Artificial
57,89,56,62,80,35,22,71,94,80,Gestion de Proyectos
53,73,63,47,100,31,33,77,56,94,Finanzas
47,91,44,48,65,21,33,63,92,59,Gestion de Proyectos
37,85,47,33,65,33,19,99,74,69,Marketing Digital
31,46,46,48,40,91,67,32,32,56,Redes y Telecomunicaciones
25,61,66,60,95,27,26,80,63,90,Finanzas
34,89,61,45,95,29,11,59,66,76,Finanzas
35,88,55,49,93,12,29,55,61,84,Finanzas
48,89,51,59,99,25,15,79,55,84,Finanzas
39,98,50,61,42,23,45,62,84,65,Gestion de Proyectos
37,30,52,54,51,98,82,37,57,31,Redes y Telecomunicaciones
66,44,77,95,88,38,29,46,51,88,Data Science
50,86,40,53,61,23,38,95,83,62,Marketing Digital
38,33,48,75,57,98,90,46,41,58,Ciberseguridad
31,46,51,63,72,82,90,43,42,40,Ciberseguridad
60,75,58,49,88,13,40,53,57,82,Finanzas
52,48,91,58,91,37,31,75,47,79,Investigacion Tecnologica
88,33,56,81,75,29,33,30,48,99,Inteligencia Artificial
78,59,76,83,94,49,48,38,44,99,Data Science
24,60,30,76,65,93,81,36,60,58,Redes y Telecomunicaciones
39,40,30,45,60,91,67,37,66,37,Redes y Telecomunicaciones
43,87,32,43,46,33,28,93,93,56,MBA
50,72,61,29,93,23,19,62,61,91,Finanzas
35,53,37,57,53,98,83,33,37,36,Redes y Telecomunicaciones
41,90,56,31,49,21,27,87,87,68,Marketing Digital
36,97,62,34,68,28,27,71,89,73,Gestion de Proyectos
62,50,57,86,62,68,51,47,70,74,Desarrollo Software
33,39,32,79,70,96,74,50,49,58,Redes y Telecomunicaciones
49,34,45,84,51,90,98,44,32,53,Ciberseguridad
72,30,77,87,88,21,36,46,53,92,Data Science
92,42,69,96,86,42,53,43,32,90,Inteligencia Artificial
46,94,32,25,47,25,37,82,94,55,MBA
54,56,34,58,42,93,91,35,48,65,Ciberseguridad
51,30,31,53,53,88,78,62,63,56,Redes y Telecomunicaciones
55,45,36,54,46,99,99,42,44,63,Ciberseguridad
87,65,61,75,100,28,34,67,32,90,Data Science
21,98,56,36,46,39,38,86,85,59,Gestion de Proyectos
31,42,36,64,79,92,82,36,41,53,Redes y Telecomunicaciones
57,75,56,54,63,16,10,95,79,67,Marketing Digital
72,38,62,96,69,53,62,68,63,52,Desarrollo Software
33,94,60,33,72,31,30,80,91,64,MBA
94,50,75,84,92,49,39,51,59,88,Inteligencia Artificial
65,60,34,54,59,75,87,48,56,55,Ciberseguridad
40,43,41,51,54,96,72,30,45,60,Redes y Telecomunicaciones
68,59,30,54,78,98,97,36,33,66,Ciberseguridad
50,56,99,75,90,46,28,77,68,84,Investigacion Tecnologica
22,48,43,75,78,87,76,65,52,35,Redes y Telecomunicaciones
82,65,50,72,84,33,50,52,51,95,Data Science
65,41,91,75,71,29,27,59,54,86,Investigacion Tecnologica
39,39,37,55,71,92,77,36,46,41,Redes y Telecomunicaciones
50,59,49,95,86,44,36,61,43,60,Desarrollo Software
54,70,57,27,69,22,30,96,89,78,Marketing Digital
71,54,55,85,77,43,68,66,56,68,Desarrollo Software
47,84,43,43,91,16,12,61,79,91,Finanzas
56,84,48,46,48,50,49,75,94,72,Gestion de Proyectos
18,94,46,12,67,29,15,91,96,62,MBA
53,49,92,61,84,42,25,79,63,70,Investigacion Tecnologica
34,41,30,67,47,90,62,58,62,45,Redes y Telecomunicaciones
48,38,41,66,59,90,88,42,68,66,Redes y Telecomunicaciones
95,56,75,86,95,54,31,58,48,97,Inteligencia Artificial
28,57,55,79,64,86,62,43,33,56,Redes y Telecomunicaciones
55,41,49,75,64,94,90,51,57,66,Ciberseguridad
90,50,54,94,75,31,51,40,38,87,Inteligencia Artificial
42,53,34,41,73,92,61,52,32,62,Redes y Telecomunicaciones
65,67,74,86,99,27,37,51,32,89,Data Science
48,84,63,30,57,38,38,88,75,72,Gestion de Proyectos
41,82,67,47,41,10,24,94,76,70,Marketing Digital
97,45,74,89,78,43,48,58,41,92,Inteligencia Artificial
58,90,52,52,55,46,31,70,93,54,Gestion de Proyectos
41,95,57,66,63,29,50,68,84,76,Gestion de Proyectos
57,39,40,55,71,96,94,45,43,45,Ciberseguridad
15,94,41,19,75,40,17,96,96,72,MBA
25,36,48,55,42,88,77,30,44,60,Redes y Telecomunicaciones
57,88,51,49,98,36,37,69,71,92,Finanzas
62,46,36,55,65,88,93,43,43,40,Ciberseguridad
97,25,65,84,89,23,58,68,42,83,Inteligencia Artificial
34,87,61,65,70,20,23,81,85,59,Gestion de Proyectos
57,87,53,29,86,16,35,73,73,84,Finanzas
44,50,94,73,90,38,50,65,63,79,Investigacion Tecnologica
16,90,53,39,51,34,24,87,91,66,MBA
63,46,51,75,91,42,22,33,30,93,Data Science
20,86,38,57,61,23,20,94,76,64,Marketing Digital
53,55,52,91,82,47,61,40,43,78,Desarrollo Software
61,43,44,50,44,84,100,45,49,69,Ciberseguridad
39,98,48,26,42,40,28,98,88,47,MBA
67,54,59,89,68,55,52,48,56,76,Desarrollo Software
33,90,61,29,38,10,18,94,84,80,Marketing Digital
19,100,57,50,40,36,11,96,97,77,MBA
32,97,54,43,78,26,31,85,89,47,MBA
22,87,40,36,31,27,28,97,79,78,Marketing Digital
68,48,37,78,50,80,92,55,55,44,Ciberseguridad
40,100,62,66,73,31,23,88,78,56,Gestion de Proyectos
100,31,62,82,77,28,41,63,40,100,Inteligencia Artificial
73,53,93,45,81,21,42,74,54,69,Investigacion Tecnologica
36,86,58,26,60,38,17,92,71,62,Marketing Digital
44,47,41,83,60,78,94,49,37,48,Ciberseguridad
29,92,41,33,49,22,50,87,76,63,Gestion de Proyectos
47,75,49,34,95,40,29,66,75,87,Finanzas
42,73,67,41,96,34,15,74,57,86,Finanzas
67,50,60,78,90,47,44,54,39,86,Data Science
36,38,53,72,59,92,68,35,33,47,Redes y Telecomunicaciones
79,46,98,64,70,42,20,79,46,65,Investigacion Tecnologica
34,56,44,72,66,80,91,37,52,48,Ciberseguridad
53,31,41,51,76,100,85,41,34,48,Ciberseguridad
25,49,32,70,64,94,69,39,37,57,Redes y Telecomunicaciones
88,39,70,86,93,55,48,63,36,83,Inteligencia Artificial
71,35,40,94,74,46,34,63,47,76,Desarrollo Software
49,55,55,62,70,93,100,38,34,47,Ciberseguridad
79,58,53,88,89,44,40,69,56,63,Desarrollo Software
98,32,63,90,78,46,39,34,30,80,Inteligencia Artificial
32,80,70,62,48,27,40,81,80,67,Gestion de Proyectos
29,60,48,27,89,16,14,80,77,84,Finanzas
58,98,63,64,63,20,37,60,89,66,Gestion de Proyectos
40,96,52,12,42,31,40,92,94,53,MBA
40,56,49,63,80,75,93,33,60,42,Ciberseguridad
32,71,58,42,95,32,32,59,80,78,Finanzas
68,30,55,99,69,62,57,60,60,70,Desarrollo Software
13,89,40,25,76,14,25,94,92,72,MBA
34,40,53,55,56,94,80,60,53,67,Redes y Telecomunicaciones
48,59,96,52,72,25,37,60,68,70,Investigacion Tecnologica
40,85,54,46,90,22,35,60,75,92,Finanzas
27,99,38,17,40,36,19,82,89,55,MBA
38,93,61,60,48,41,40,80,75,77,Gestion de Proyectos
79,49,92,40,79,38,48,61,49,71,Investigacion Tecnologica
85,23,55,99,88,25,54,57,35,100,Inteligencia Artificial
51,39,42,99,65,49,63,58,47,51,Desarrollo Software
25,34,58,43,75,97,60,41,68,32,Redes y Telecomunicaciones
64,58,50,90,65,69,33,68,51,78,Desarrollo Software
29,88,51,41,69,31,17,81,97,40,MBA
40,51,34,50,48,90,80,42,35,39,Redes y Telecomunicaciones
49,81,43,23,96,20,40,50,68,87,Finanzas
27,88,54,35,57,27,25,83,83,53,Gestion de Proyectos
35,89,39,31,47,28,18,89,74,80,Marketing Digital
25,60,50,51,97,38,20,69,75,80,Finanzas
35,51,34,78,77,90,97,55,47,43,Ciberseguridad
66,40,44,86,82,62,62,62,69,75,Desarrollo Software
59,77,40,60,68,29,13,95,87,60,Marketing Digital
59,40,53,75,65,86,90,37,36,44,Ciberseguridad
21,96,45,38,41,40,25,81,95,45,MBA
74,35,53,92,83,41,41,55,52,54,Desarrollo Software
64,42,31,85,78,96,91,51,57,67,Ciberseguridad
32,76,49,41,99,35,21,56,71,80,Finanzas
50,90,55,25,93,30,29,76,64,93,Finanzas
56,37,66,89,73,57,48,70,66,71,Desarrollo Software
26,76,61,32,96,11,40,64,58,79,Finanzas
47,61,54,47,98,15,40,75,77,87,Finanzas
49,50,37,62,50,97,69,65,50,33,Redes y Telecomunicaciones
56,66,62,54,91,20,40,69,56,90,Finanzas
72,38,40,92,75,62,34,45,41,54,Desarrollo Software
61,53,34,94,64,35,42,52,67,61,Desarrollo Software
37,89,57,20,49,20,38,96,88,67,Marketing Digital
89,31,64,97,97,38,61,59,48,82,Inteligencia Artificial
50,53,32,44,48,91,84,31,37,41,Redes y Telecomunicaciones
26,72,67,47,66,16,23,91,84,69,Marketing Digital
68,58,99,40,71,25,48,61,47,65,Investigacion Tecnologica
44,34,32,66,76,86,98,60,40,52,Ciberseguridad
29,71,56,32,91,34,13,52,80,78,Finanzas
62,37,57,82,81,20,49,70,30,96,Data Science
72,68,64,76,81,35,41,67,46,100,Data Science
46,55,92,72,77,45,50,60,53,62,Investigacion Tecnologica
92,37,58,83,77,54,30,46,42,90,Inteligencia Artificial
35,50,53,75,60,91,61,41,55,69,Redes y Telecomunicaciones
28,92,55,32,47,40,38,81,94,64,Gestion de Proyectos
76,45,51,87,83,46,66,53,52,68,Desarrollo Software
53,80,48,46,53,26,27,61,95,76,Gestion de Proyectos
45,81,59,38,96,17,37,57,51,85,Finanzas
37,97,36,39,74,18,22,91,99,64,MBA
18,89,54,25,56,20,39,99,94,65,MBA
20,88,40,55,69,33,19,92,78,72,Marketing Digital
24,74,45,50,41,15,17,92,79,52,Marketing Digital
36,87,43,31,32,18,32,91,75,73,Marketing Digital
72,50,100,70,88,42,48,60,58,82,Investigacion Tecnologica
41,59,49,48,53,95,69,44,52,39,Redes y Telecomunicaciones
27,98,59,20,62,35,32,96,99,44,MBA
80,50,62,91,79,62,56,67,66,54,Desarrollo Software
48,83,59,60,51,30,13,87,88,66,Marketing Digital
60,54,50,90,89,70,43,57,69,63,Desarrollo Software
53,87,49,38,35,27,18,90,73,68,Marketing Digital
71,37,56,87,81,37,44,57,44,68,Desarrollo Software
37,66,57,49,97,18,34,59,57,78,Finanzas
89,45,70,96,81,45,51,69,50,94,Inteligencia Artificial
79,53,50,85,67,37,32,66,44,56,Desarrollo Software
57,65,99,60,83,33,23,62,46,68,Investigacion Tecnologica
80,31,71,79,89,31,48,60,53,88,Data Science
84,47,60,95,92,22,20,46,34,88,Data Science
36,47,30,79,73,95,94,53,41,65,Ciberseguridad
52,92,49,34,66,34,33,82,92,64,Gestion de Proyectos
34,84,50,51,97,16,39,58,60,92,Finanzas
99,20,75,85,90,52,61,54,67,85,Inteligencia Artificial
10,86,57,17,60,36,10,81,89,67,MBA
49,78,35,42,48,37,28,86,89,69,Marketing Digital
46,48,46,55,58,92,89,60,38,40,Ciberseguridad
36,30,48,46,57,88,61,31,46,50,Redes y Telecomunicaciones
50,31,48,44,55,98,78,53,70,40,Redes y Telecomunicaciones
52,70,92,55,84,44,21,69,50,61,Investigacion Tecnologica
49,91,35,10,47,19,20,90,96,78,MBA
77,58,90,71,78,37,23,50,60,88,Investigacion Tecnologica
53,55,99,75,80,24,44,56,49,73,Investigacion Tecnologica
76,45,68,96,66,59,55,68,59,62,Desarrollo Software
60,33,34,69,73,93,78,37,58,44,Redes y Telecomunicaciones
86,46,70,74,81,25,44,48,34,91,Data Science
41,33,37,76,79,96,77,65,41,65,Redes y Telecomunicaciones
95,22,79,97,76,57,31,68,66,84,Inteligencia Artificial
55,65,49,34,97,25,12,78,61,86,Finanzas
88,30,51,87,80,44,70,55,43,90,Inteligencia Artificial
51,65,52,23,100,34,17,54,77,79,Finanzas
25,83,47,55,97,40,40,70,61,81,Finanzas
52,32,52,75,49,98,69,60,61,48,Redes y Telecomunicaciones
57,70,90,56,76,50,31,60,68,65,Investigacion Tecnologica
50,53,56,91,71,63,49,60,46,50,Desarrollo Software
98,58,54,89,94,58,59,63,42,83,Inteligencia Artificial
80,63,91,54,92,32,47,62,41,71,Investigacion Tecnologica
64,54,60,51,58,82,95,60,40,52,Ciberseguridad
89,28,60,94,86,31,36,39,40,88,Inteligencia Artificial
27,58,45,77,51,95,72,38,33,42,Redes y Telecomunicaciones
96,56,54,91,95,34,67,30,55,95,Inteligencia Artificial
56,46,59,96,84,58,68,61,54,70,Desarrollo Software
89,44,52,89,82,43,40,38,59,91,Inteligencia Artificial
56,44,35,97,86,45,39,47,54,80,Desarrollo Software
86,39,78,93,96,36,42,59,57,89,Data Science
28,96,52,23,54,24,14,96,98,65,MBA
80,41,70,95,61,52,58,44,51,80,Desarrollo Software
47,100,33,26,64,21,32,99,98,67,MBA
22,31,49,74,43,97,85,48,64,63,Redes y Telecomunicaciones
36,86,40,43,55,20,17,86,98,77,MBA
68,34,72,95,100,41,27,55,31,93,Data Science
33,81,63,42,49,13,28,99,87,53,Marketing Digital
42,40,35,52,40,76,97,48,46,59,Ciberseguridad
53,42,61,96,85,62,69,67,41,66,Desarrollo Software
27,68,68,37,90,30,21,60,72,93,Finanzas
33,83,63,52,66,49,24,85,83,65,Gestion de Proyectos
32,88,52,13,74,23,28,83,90,40,MBA
61,52,48,72,78,100,95,53,56,44,Ciberseguridad
52,58,48,50,40,99,93,43,53,53,Ciberseguridad
14,96,56,41,63,11,40,99,93,77,MBA
60,82,66,60,65,22,22,74,95,50,Gestion de Proyectos
45,58,59,67,73,93,78,47,62,40,Redes y Telecomunicaciones
32,82,49,70,54,43,45,81,75,52,Gestion de Proyectos
19,93,50,19,44,30,29,76,88,60,MBA
38,74,59,55,56,14,15,95,70,53,Marketing Digital
47,95,38,12,54,34,21,77,94,79,MBA
62,60,52,90,99,30,23,41,38,94,Data Science
40,56,90,44,73,23,49,67,46,86,Investigacion Tecnologica
74,53,69,91,66,42,57,61,48,51,Desarrollo Software
16,95,35,33,77,38,40,94,87,42,MBA
17,88,33,32,41,17,39,95,90,50,MBA
68,31,75,75,95,34,50,67,37,90,Data Science
50,54,52,47,40,97,80,31,64,64,Redes y Telecomunicaciones
51,59,44,99,78,47,47,67,55,50,Desarrollo Software
62,60,49,50,43,81,89,34,59,57,Ciberseguridad
59,41,37,67,77,80,97,58,38,68,Ciberseguridad
65,43,47,86,81,46,52,56,46,55,Desarrollo Software
19,91,32,31,63,29,25,92,95,78,MBA
50,50,94,53,86,23,25,50,65,70,Investigacion Tecnologica
67,41,48,85,81,38,33,48,42,70,Desarrollo Software
41,83,52,55,86,39,21,58,73,75,Finanzas
67,50,79,82,89,25,43,40,60,95,Data Science
26,84,42,55,61,16,24,100,88,52,Marketing Digital
28,69,67,54,97,14,39,51,78,78,Finanzas
74,43,66,94,61,66,66,65,54,68,Desarrollo Software
90,46,53,72,87,25,48,64,44,88,Data Science
80,34,57,88,90,20,30,57,43,100,Data Science
47,88,43,37,59,20,19,98,81,68,Marketing Digital
60,88,68,36,80,20,22,82,80,54,Gestion de Proyectos
54,85,69,42,86,32,35,55,63,87,Finanzas
50,92,31,49,75,17,37,95,91,53,MBA
67,30,64,80,100,40,29,34,33,95,Data Science
80,52,80,89,82,35,50,58,32,100,Data Science
23,71,65,33,62,21,38,92,70,53,Marketing Digital
25,47,45,57,63,96,68,33,58,48,Redes y Telecomunicaciones
60,51,61,99,89,63,70,61,50,51,Desarrollo Software
44,91,39,25,58,32,15,75,100,78,MBA
47,57,95,72,71,40,44,74,66,79,Investigacion Tecnologica
48,44,98,74,73,29,33,58,50,79,Investigacion Tecnologica
50,93,44,31,78,43,34,88,95,60,Gestion de Proyectos
72,59,71,76,97,23,20,42,32,95,Data Science
57,84,62,35,64,32,30,61,77,55,Gestion de Proyectos
38,100,33,28,78,20,13,76,95,55,MBA
75,62,99,70,75,46,21,68,48,76,Investigacion Tecnologica
40,80,40,24,68,28,31,100,90,66,Marketing Digital
47,50,56,52,71,93,84,41,42,61,Redes y Telecomunicaciones
22,84,40,52,58,45,25,76,90,57,Gestion de Proyectos
70,50,69,73,98,32,45,48,39,100,Data Science
51,48,95,48,76,34,27,80,65,89,Investigacion Tecnologica
20,86,59,41,80,10,10,92,95,61,MBA
22,83,57,55,80,26,28,80,83,62,Gestion de Proyectos
42,97,30,46,45,11,27,81,92,49,MBA
52,81,53,54,75,27,27,62,95,80,Gestion de Proyectos
22,53,32,65,50,86,70,31,37,43,Redes y Telecomunicaciones
74,57,50,92,92,43,24,51,37,99,Data Science
60,33,43,87,72,51,49,55,51,69,Desarrollo Software
75,34,68,95,77,54,46,64,41,57,Desarrollo Software
35,92,69,36,67,37,28,60,92,59,Gestion de Proyectos
22,79,42,30,89,28,21,70,60,83,Finanzas
25,46,42,64,77,85,71,36,65,39,Redes y Telecomunicaciones
30,58,48,80,64,93,77,50,31,68,Redes y Telecomunicaciones
54,35,54,86,80,45,45,62,63,58,Desarrollo Software
87,34,59,91,76,54,40,53,30,88,Inteligencia Artificial
41,87,60,25,55,28,13,98,96,71,MBA
63,57,66,85,67,40,63,64,66,74,Desarrollo Software
49,48,54,73,64,87,61,37,34,37,Redes y Telecomunicaciones
81,41,68,92,94,34,21,66,53,95,Data Science
21,73,54,41,39,27,30,95,80,59,Marketing Digital
55,59,94,74,82,38,26,53,45,63,Investigacion Tecnologica
57,54,33,90,79,67,43,67,53,63,Desarrollo Software
31,63,44,46,100,39,33,57,73,76,Finanzas
54,46,37,67,60,93,88,57,44,58,Ciberseguridad
39,100,46,43,41,38,10,85,91,40,MBA
45,96,30,50,62,32,27,96,88,42,MBA
62,59,57,95,92,45,41,67,51,99,Data Science
53,42,40,63,69,100,60,63,51,45,Redes y Telecomunicaciones
100,57,78,86,89,26,67,64,66,91,Inteligencia Artificial
77,42,59,92,67,54,46,49,63,77,Desarrollo Software
53,87,64,51,88,19,27,66,50,91,Finanzas
27,95,32,38,74,16,22,88,89,65,MBA
40,44,95,69,83,50,24,59,53,80,Investigacion Tecnologica
79,42,64,95,94,31,50,34,30,90,Data Science
59,66,46,26,95,14,37,70,58,94,Finanzas
60,39,51,74,40,77,100,44,37,41,Ciberseguridad
60,84,55,34,63,24,21,97,85,67,Marketing Digital
49,87,55,27,88,20,15,51,75,88,Finanzas
29,83,66,37,75,44,22,61,87,63,Gestion de Proyectos
54,84,63,69,67,37,39,80,87,71,Gestion de Proyectos
71,32,53,92,70,41,44,51,58,79,Desarrollo Software
68,38,47,69,69,81,87,59,32,58,Ciberseguridad
32,60,49,26,85,15,25,61,74,77,Finanzas
73,61,97,77,74,27,48,72,53,79,Investigacion Tecnologica
48,58,41,70,66,94,85,42,40,59,Ciberseguridad
66,32,79,88,100,24,42,56,52,98,Data Science
30,100,62,60,49,32,23,71,79,61,Gestion de Proyectos
78,30,37,90,66,55,38,58,46,52,Desarrollo Software
76,58,52,88,84,40,34,41,47,87,Data Science
37,93,38,31,74,28,38,93,93,58,MBA
65,31,49,81,59,85,89,49,45,70,Ciberseguridad
42,96,36,37,54,33,11,80,100,58,MBA
62,33,64,94,84,47,24,42,43,96,Data Science
52,83,50,62,64,20,25,77,82,66,Gestion de Proyectos
35,93,41,36,62,37,31,83,87,72,Gestion de Proyectos
62,38,74,91,93,45,24,53,38,92,Data Science
37,60,55,60,85,14,30,69,62,86,Finanzas
29,87,48,59,56,26,13,90,84,57,Marketing Digital
67,30,31,86,84,66,36,62,46,59,Desarrollo Software
57,83,49,59,66,23,10,97,71,63,Marketing Digital
72,51,68,71,88,35,42,45,42,91,Data Science
49,84,47,48,67,33,34,87,87,67,Gestion de Proyectos
75,63,67,74,90,45,31,50,46,92,Data Science
37,73,47,27,89,23,14,55,64,79,Finanzas
36,83,69,58,60,23,49,88,78,65,Gestion de Proyectos
25,77,56,40,90,35,12,69,52,76,Finanzas
29,91,40,55,71,47,27,73,91,75,Gestion de Proyectos
32,89,55,20,41,25,31,99,85,79,MBA
50,85,38,36,50,30,10,97,88,51,MBA
33,89,55,24,66,14,10,83,90,61,MBA
59,81,43,30,67,32,23,64,90,50,Gestion de Proyectos
67,63,53,91,94,35,33,60,53,96,Data Science
43,86,48,64,41,28,46,74,90,57,Gestion de Proyectos
74,50,45,88,62,70,47,65,62,63,Desarrollo Software
49,68,50,41,85,10,22,55,75,85,Finanzas
42,91,54,46,80,20,39,65,89,63,Gestion de Proyectos
56,46,43,95,83,69,66,68,64,59,Desarrollo Software
68,67,100,75,75,25,46,65,66,64,Investigacion Tecnologica
22,80,61,30,41,43,21,77,78,71,Gestion de Proyectos
44,37,40,51,70,92,82,43,42,35,Redes y Telecomunicaciones
41,68,100,71,91,25,20,58,46,67,Investigacion Tecnologica
94,59,77,81,82,52,62,33,37,81,Inteligencia Artificial
59,68,53,35,96,28,31,58,71,76,Finanzas
18,98,49,36,52,31,40,89,99,47,MBA
22,88,45,26,49,35,40,90,100,58,MBA
39,61,68,35,91,17,14,74,70,89,Finanzas
32,52,58,60,79,87,92,41,49,49,Ciberseguridad
34,88,46,49,72,39,23,89,90,68,Gestion de Proyectos
52,43,91,70,84,26,27,66,63,71,Investigacion Tecnologica
41,88,63,38,74,38,25,89,76,54,Gestion de Proyectos
50,90,42,47,58,23,40,88,88,59,MBA
79,53,63,95,67,62,37,65,62,80,Desarrollo Software
86,60,53,93,75,29,36,48,30,88,Inteligencia Artificial
59,83,51,38,74,28,21,65,75,71,Gestion de Proyectos
96,56,54,81,86,53,61,63,64,84,Inteligencia Artificial
59,93,68,56,48,42,28,76,81,68,Gestion de Proyectos
53,83,67,49,99,39,16,74,74,79,Finanzas
56,31,36,98,85,63,47,53,46,59,Desarrollo Software
33,87,40,50,98,32,26,66,79,91,Finanzas
46,68,59,58,99,31,20,72,51,82,Finanzas
89,23,72,93,76,38,52,47,41,82,Inteligencia Artificial
47,40,56,54,51,78,86,36,30,46,Ciberseguridad
55,33,51,54,52,89,95,49,35,58,Ciberseguridad
16,86,57,11,44,26,17,91,87,72,MBA
44,80,52,59,46,32,23,64,88,79,Gestion de Proyectos
38,34,40,50,76,98,64,35,68,30,Redes y Telecomunicaciones
95,31,65,87,84,29,57,45,53,94,Inteligencia Artificial
95,51,50,80,78,60,42,46,40,84,Inteligencia Artificial
45,88,37,24,69,16,36,86,75,59,Marketing Digital
28,69,68,23,90,11,19,76,72,76,Finanzas
93,36,55,93,89,29,45,38,60,88,Inteligencia Artificial
46,92,44,12,56,18,13,77,87,54,MBA
52,58,33,50,48,91,86,42,36,64,Ciberseguridad
50,61,40,31,94,12,34,50,75,92,Finanzas
15,97,42,29,44,15,14,98,94,62,MBA
44,87,59,18,67,26,39,89,86,44,MBA
50,58,97,61,80,50,41,63,55,81,Investigacion Tecnologica
19,93,31,23,70,19,19,99,91,79,MBA
10,97,36,48,77,13,34,83,100,43,MBA
68,70,100,49,83,49,23,56,47,73,Investigacion Tecnologica
51,56,60,45,53,95,68,62,63,58,Redes y Telecomunicaciones
58,88,55,48,66,13,32,90,77,54,Marketing Digital
28,87,47,42,49,13,35,89,86,45,MBA
50,93,37,11,74,29,30,90,95,46,MBA
49,39,39,83,59,90,94,47,42,45,Ciberseguridad
75,56,48,95,74,48,61,59,40,72,Desarrollo Software
61,37,41,55,72,88,98,38,47,43,Ciberseguridad
22,64,48,41,91,18,28,76,78,75,Finanzas
71,35,79,86,92,29,46,45,55,93,Data Science
77,42,31,91,82,59,66,51,65,62,Desarrollo Software
33,84,62,43,59,45,24,68,85,60,Gestion de Proyectos
55,82,60,32,70,25,25,75,85,73,Gestion de Proyectos
69,69,52,83,97,25,25,49,55,94,Data Science
56,34,57,73,45,93,100,60,44,46,Ciberseguridad
30,82,62,59,34,13,38,88,84,61,Marketing Digital
32,53,57,51,65,96,86,70,68,43,Redes y Telecomunicaciones
27,94,56,30,71,40,20,95,99,53,MBA
30,33,57,73,57,94,85,37,35,50,Ciberseguridad
29,89,46,47,77,28,17,76,100,48,MBA
26,41,33,53,67,92,84,37,32,33,Redes y Telecomunicaciones
27,95,32,19,76,23,11,99,93,47,MBA
35,87,63,41,91,31,39,57,72,83,Finanzas
65,41,42,58,72,100,89,57,46,67,Ciberseguridad
25,98,66,38,55,32,23,75,88,54,Gestion de Proyectos
62,42,50,77,98,24,49,47,43,92,Data Science
65,45,74,77,97,39,25,40,47,91,Data Science
71,69,100,44,80,35,27,73,46,62,Investigacion Tecnologica
77,44,56,97,66,35,33,60,48,64,Desarrollo Software
41,82,62,63,76,24,47,75,76,71,Gestion de Proyectos
58,40,63,87,64,66,50,69,60,80,Desarrollo Software
68,56,69,90,71,65,30,70,41,77,Desarrollo Software
91,55,77,87,86,44,51,32,61,96,Inteligencia Artificial
20,84,50,55,40,47,31,69,78,52,Gestion de Proyectos
68,35,48,61,70,83,97,37,32,47,Ciberseguridad
22,55,38,71,75,100,62,66,51,44,Redes y Telecomunicaciones
95,34,51,82,97,34,59,41,31,95,Inteligencia Artificial
23,89,55,69,44,30,37,70,94,50,Gestion de Proyectos
22,92,42,34,56,25,37,84,86,62,MBA
92,48,77,84,89,29,37,54,31,99,Inteligencia Artificial
53,35,48,87,73,41,49,40,55,74,Desarrollo Software
60,60,34,89,66,57,57,43,43,64,Desarrollo Software
25,87,68,59,73,26,39,84,93,69,Gestion de Proyectos
55,48,48,72,80,92,95,56,52,63,Ciberseguridad
47,41,54,65,79,88,93,40,53,64,Ciberseguridad
48,41,100,41,72,36,23,66,63,64,Investigacion Tecnologica
58,33,49,51,55,97,73,39,50,50,Redes y Telecomunicaciones
36,74,50,25,64,12,10,99,84,68,Marketing Digital
34,100,62,58,49,34,24,68,87,75,Gestion de Proyectos
32,90,55,21,94,36,24,50,50,89,Finanzas
35,49,60,56,58,95,98,42,60,53,Ciberseguridad
52,82,44,67,72,34,21,74,86,78,Gestion de Proyectos
16,91,55,29,66,14,14,87,90,45,MBA
52,48,41,99,77,69,60,58,52,63,Desarrollo Software
47,78,55,23,94,13,37,63,61,94,Finanzas
46,39,50,68,44,94,84,60,32,47,Redes y Telecomunicaciones
72,43,54,97,89,52,56,52,44,52,Desarrollo Software
53,65,95,76,76,32,40,53,62,66,Investigacion Tecnologica
41,95,32,23,49,37,17,97,96,51,MBA
60,73,46,49,87,16,28,59,56,87,Finanzas
44,89,45,40,64,35,16,89,81,51,Marketing Digital
31,33,50,42,71,88,70,45,36,45,Redes y Telecomunicaciones
37,84,55,57,54,39,35,74,94,80,Gestion de Proyectos
33,85,50,10,63,27,40,91,90,65,MBA
30,96,47,51,66,44,21,68,81,61,Gestion de Proyectos
35,50,50,45,80,100,60,65,47,44,Redes y Telecomunicaciones
62,40,91,52,95,36,20,71,62,82,Investigacion Tecnologica
70,66,94,57,89,41,40,64,42,83,Investigacion Tecnologica
85,40,78,95,82,56,37,34,30,98,Inteligencia Artificial
61,57,49,85,67,84,95,46,53,44,Ciberseguridad
52,35,35,74,65,75,98,31,32,53,Ciberseguridad
32,37,47,79,56,87,78,51,70,66,Redes y Telecomunicaciones
33,35,46,53,74,92,79,45,56,54,Redes y Telecomunicaciones
28,50,47,66,53,90,78,67,50,62,Redes y Telecomunicaciones
53,62,96,78,88,28,45,62,49,75,Investigacion Tecnologica
47,49,43,50,50,88,77,62,33,40,Redes y Telecomunicaciones
69,41,57,88,80,26,37,33,36,85,Data Science
41,68,91,73,95,20,46,60,48,63,Investigacion Tecnologica
19,99,58,28,40,25,39,85,89,75,MBA
24,66,48,54,98,36,15,72,64,91,Finanzas
77,47,54,98,84,66,65,60,66,67,Desarrollo Software
21,36,49,70,73,99,90,69,37,38,Redes y Telecomunicaciones
20,36,50,76,53,88,76,64,68,59,Redes y Telecomunicaciones
77,58,79,75,95,44,23,50,34,95,Data Science
49,95,44,16,66,11,32,80,93,72,MBA
96,40,71,90,85,25,38,36,43,80,Inteligencia Artificial
48,81,66,40,57,39,50,77,83,61,Gestion de Proyectos
66,60,92,70,82,22,37,56,49,65,Investigacion Tecnologica
29,65,67,59,99,13,15,56,51,91,Finanzas
32,85,49,50,68,23,35,80,99,64,MBA
78,49,55,89,84,20,44,48,59,86,Data Science
49,67,99,41,86,46,48,63,50,66,Investigacion Tecnologica
100,43,63,83,95,27,32,55,68,99,Inteligencia Artificial
24,73,65,46,57,28,34,88,82,53,Marketing Digital
37,51,48,73,74,99,86,50,39,63,Redes y Telecomunicaciones
41,82,62,57,89,21,24,50,74,77,Finanzas
59,85,49,64,64,25,33,80,84,77,Gestion de Proyectos
49,55,41,50,49,87,100,52,34,62,Ciberseguridad
70,56,70,88,100,45,38,50,52,97,Data Science
79,33,61,99,64,54,53,41,67,54,Desarrollo Software
26,82,50,55,67,31,24,96,75,79,Marketing Digital
81,59,54,76,95,31,33,64,54,99,Data Science
52,72,40,49,49,30,12,92,85,67,Marketing Digital
52,94,58,40,47,22,33,65,91,59,Gestion de Proyectos
20,64,64,33,85,12,35,68,68,80,Finanzas
24,60,48,45,77,95,80,30,56,65,Redes y Telecomunicaciones
79,46,90,47,81,22,24,51,50,85,Investigacion Tecnologica
69,69,98,73,82,43,43,54,41,65,Investigacion Tecnologica
46,46,43,65,80,98,70,55,32,68,Redes y Telecomunicaciones
61,62,98,65,91,48,30,79,51,87,Investigacion Tecnologica
36,85,36,22,68,11,26,97,94,78,MBA
51,71,43,39,60,28,36,93,77,75,Marketing Digital
47,50,91,69,75,50,25,62,43,84,Investigacion Tecnologica
45,72,68,52,87,22,27,75,77,77,Finanzas
55,90,37,37,43,27,40,94,83,72,Marketing Digital
54,31,50,92,68,52,52,51,45,73,Desarrollo Software
54,80,58,60,62,33,45,61,82,51,Gestion de Proyectos
85,27,68,88,87,42,35,68,43,98,Inteligencia Artificial
47,68,48,46,89,32,35,54,76,89,Finanzas
56,48,47,59,48,91,83,39,68,61,Redes y Telecomunicaciones
31,63,50,23,88,22,37,55,62,75,Finanzas
66,55,93,60,91,33,38,76,58,77,Investigacion Tecnologica
14,86,47,25,76,31,21,93,94,65,MBA
64,59,30,63,74,98,100,39,36,51,Ciberseguridad
33,56,51,52,66,98,73,41,34,66,Redes y Telecomunicaciones
86,55,60,93,95,54,37,59,37,85,Inteligencia Artificial
62,47,100,80,72,22,34,58,70,65,Investigacion Tecnologica
58,83,68,62,44,45,37,64,76,60,Gestion de Proyectos
25,55,32,80,73,96,74,61,49,63,Redes y Telecomunicaciones
85,35,60,92,78,58,33,51,58,91,Inteligencia Artificial
22,87,43,50,46,25,26,98,90,53,MBA
21,67,47,29,89,39,24,61,61,86,Finanzas
79,59,52,100,68,34,34,59,42,72,Desarrollo Software
39,96,30,22,69,30,25,99,100,77,MBA
55,85,69,22,87,12,25,66,65,93,Finanzas
49,92,70,30,46,46,21,85,94,63,Gestion de Proyectos
53,47,59,76,74,97,90,60,41,40,Redes y Telecomunicaciones
27,63,50,29,85,39,28,73,55,76,Finanzas
27,47,40,44,46,90,85,70,44,35,Redes y Telecomunicaciones
62,36,43,76,71,85,96,30,56,65,Ciberseguridad
47,57,34,60,40,76,96,30,47,44,Ciberseguridad
48,85,42,65,68,21,41,74,91,52,Gestion de Proyectos
59,42,40,88,73,33,47,47,70,54,Desarrollo Software
84,38,74,90,80,39,44,64,48,90,Data Science
79,55,32,91,83,67,44,66,63,68,Desarrollo Software
49,31,36,72,45,92,95,42,47,62,Ciberseguridad
34,93,52,38,79,17,39,87,96,48,MBA
27,32,60,45,76,90,60,51,45,52,Redes y Telecomunicaciones
44,38,60,59,45,94,87,41,34,65,Redes y Telecomunicaciones
21,53,37,42,76,99,90,46,62,64,Redes y Telecomunicaciones
38,56,38,78,61,90,60,55,31,45,Redes y Telecomunicaciones
42,68,90,58,85,44,39,78,49,63,Investigacion Tecnologica
88,29,60,85,98,50,62,40,67,87,Inteligencia Artificial
39,60,50,49,95,14,24,74,50,89,Finanzas
43,85,46,13,48,10,13,82,90,47,MBA
67,58,40,63,42,89,90,46,41,65,Ciberseguridad
21,86,57,26,77,13,16,100,89,65,MBA
41,69,98,71,79,27,45,60,61,62,Investigacion Tecnologica
49,73,68,44,95,19,25,64,76,75,Finanzas
40,44,96,47,91,49,37,73,46,83,Investigacion Tecnologica
52,79,60,42,89,15,11,75,66,79,Finanzas
54,37,52,93,86,36,47,41,64,58,Desarrollo Software
54,90,61,33,78,43,37,77,88,68,Gestion de Proyectos
28,73,56,22,90,20,21,59,66,91,Finanzas
44,88,63,58,92,32,33,80,61,81,Finanzas
53,74,62,50,87,19,32,77,69,78,Finanzas
37,42,46,59,50,93,68,36,32,32,Redes y Telecomunicaciones
32,36,53,43,69,91,71,62,32,51,Redes y Telecomunicaciones
45,75,64,25,34,18,14,98,89,51,Marketing Digital
43,53,39,73,69,84,86,31,43,47,Ciberseguridad
73,54,92,68,93,36,23,73,64,60,Investigacion Tecnologica
97,23,51,88,99,51,66,53,32,80,Inteligencia Artificial
54,40,36,59,56,85,100,57,44,42,Ciberseguridad
27,99,53,64,78,50,33,87,90,56,Gestion de Proyectos
66,62,100,74,85,39,24,66,42,71,Investigacion Tecnologica
31,73,62,55,95,15,33,57,69,90,Finanzas
100,57,71,83,76,59,40,41,39,91,Inteligencia Artificial
22,77,46,47,43,19,10,88,87,56,Marketing Digital
53,33,31,49,43,94,64,64,34,53,Redes y Telecomunicaciones
76,47,37,86,71,60,44,69,66,77,Desarrollo Software
36,64,45,59,86,16,35,55,78,94,Finanzas
87,55,71,100,83,21,63,48,58,98,Inteligencia Artificial
42,66,50,56,90,30,15,53,65,87,Finanzas
20,78,56,20,47,27,24,94,82,76,Marketing Digital
25,84,70,36,97,37,40,57,66,86,Finanzas
21,71,61,51,61,29,28,98,84,69,Marketing Digital
57,80,43,26,50,25,15,92,90,77,Marketing Digital
56,88,70,23,97,36,34,64,61,81,Finanzas
29,88,62,69,70,22,46,69,83,59,Gestion de Proyectos
68,57,76,79,94,47,33,42,60,90,Data Science
47,81,41,23,90,37,22,70,50,77,Finanzas
55,35,63,93,88,33,46,55,56,54,Desarrollo Software
19,85,59,44,54,35,19,92,88,51,MBA
52,99,59,39,58,22,22,61,76,67,Gestion de Proyectos
43,38,60,68,65,92,60,57,37,53,Redes y Telecomunicaciones
10,95,31,35,57,34,35,82,96,60,MBA
78,39,64,82,88,33,48,61,60,92,Data Science
43,94,57,21,52,34,29,100,98,68,MBA
36,80,52,59,33,20,33,96,87,58,Marketing Digital
55,84,57,63,77,28,25,90,79,58,Gestion de Proyectos
30,90,48,26,58,13,29,87,100,54,MBA
53,52,48,95,71,40,42,67,53,69,Desarrollo Software
14,87,59,36,80,39,19,92,93,45,MBA
94,53,65,99,94,44,39,53,37,91,Inteligencia Artificial
83,43,52,78,96,26,21,55,36,86,Data Science
37,73,55,40,96,40,20,80,60,95,Finanzas
30,37,45,76,64,95,72,62,47,50,Redes y Telecomunicaciones
55,30,47,75,79,93,87,55,36,61,Redes y Telecomunicaciones
23,87,55,47,70,27,14,93,70,65,Marketing Digital
57,54,45,94,89,62,35,66,66,66,Desarrollo Software
58,48,43,93,66,61,44,67,52,51,Desarrollo Software
86,55,79,88,87,49,24,63,40,89,Data Science
77,41,90,73,83,39,28,69,43,83,Investigacion Tecnologica
42,58,35,78,53,99,80,50,41,67,Redes y Telecomunicaciones
33,86,47,58,40,41,32,89,91,77,Gestion de Proyectos
86,29,68,99,76,31,43,70,55,91,Inteligencia Artificial
71,45,49,93,61,32,41,52,57,76,Desarrollo Software
68,43,57,79,84,31,27,55,40,87,Data Science
46,52,34,75,75,95,95,55,38,63,Ciberseguridad
33,86,54,38,98,28,25,50,59,89,Finanzas
52,81,66,40,45,28,36,61,76,60,Gestion de Proyectos
58,42,52,98,63,40,59,60,53,63,Desarrollo Software
78,68,99,64,93,24,20,61,59,65,Investigacion Tecnologica
34,59,60,49,65,94,88,65,55,35,Redes y Telecomunicaciones
88,59,53,78,84,47,40,66,58,88,Data Science
17,96,37,37,74,21,19,99,96,54,MBA
37,94,58,34,70,29,33,89,91,58,MBA
40,51,47,51,45,94,78,69,40,45,Redes y Telecomunicaciones
75,70,68,74,100,43,47,53,54,99,Data Science
35,87,35,42,47,18,19,85,87,50,MBA
21,45,59,62,45,96,66,68,45,43,Redes y Telecomunicaciones
40,30,36,76,48,78,99,31,54,63,Ciberseguridad
96,29,57,91,90,37,47,36,66,85,Inteligencia Artificial
45,40,98,65,76,36,37,67,68,83,Investigacion Tecnologica
88,69,55,75,91,24,46,40,33,86,Data Science
39,87,46,35,35,33,25,90,73,71,Marketing Digital
39,76,39,57,51,31,20,92,88,68,Marketing Digital
72,59,100,75,78,38,33,57,67,82,Investigacion Tecnologica
61,44,50,89,78,53,68,65,50,72,Desarrollo Software
36,91,49,29,75,26,34,86,89,68,MBA
49,64,55,53,86,38,34,53,64,75,Finanzas
50,84,49,45,49,30,33,88,92,66,Gestion de Proyectos
85,68,54,91,93,42,35,35,56,85,Data Science
68,49,58,93,68,68,37,46,60,59,Desarrollo Software
47,57,32,57,43,96,93,55,47,42,Ciberseguridad
47,62,50,22,95,23,36,68,68,75,Finanzas
56,49,63,94,68,59,38,44,49,76,Desarrollo Software
29,82,47,54,48,23,31,87,76,61,Marketing Digital
21,53,36,50,54,90,89,34,47,68,Redes y Telecomunicaciones
41,98,60,57,66,31,38,82,90,61,Gestion de Proyectos
45,99,47,21,56,17,20,87,85,72,MBA
88,57,71,90,98,23,44,58,49,86,Data Science
86,51,58,94,80,21,69,61,42,96,Inteligencia Artificial
12,86,39,23,70,33,27,94,98,73,MBA
88,54,76,80,89,40,51,69,48,100,Inteligencia Artificial
36,77,50,58,40,27,32,96,71,79,Marketing Digital
83,41,67,84,94,50,36,39,52,85,Data Science
85,28,73,94,92,32,62,56,30,92,Inteligencia Artificial
28,38,57,58,43,95,81,32,46,61,Redes y Telecomunicaciones
77,70,60,83,97,37,46,66,34,85,Data Science
38,80,51,63,74,35,26,83,75,62,Gestion de Proyectos
55,74,38,24,67,28,25,86,85,52,Marketing Digital
47,73,63,51,97,10,13,76,75,80,Finanzas
59,74,68,28,98,32,26,72,59,83,Finanzas
40,83,41,32,85,38,14,54,69,90,Finanzas
38,73,61,44,97,17,39,50,69,88,Finanzas
95,42,60,80,97,35,51,38,56,97,Inteligencia Artificial
26,96,69,53,40,46,31,70,76,72,Gestion de Proyectos
52,90,44,48,70,29,20,96,71,50,Marketing Digital
92,44,58,94,75,49,32,64,53,100,Inteligencia Artificial
60,86,46,44,47,28,30,86,76,68,Gestion de Proyectos
44,94,35,12,59,26,29,93,90,43,MBA
74,54,56,78,80,29,20,52,34,87,Data Science
43,90,55,12,78,33,27,76,88,58,MBA
97,44,51,98,97,59,61,30,39,82,Inteligencia Artificial
35,86,65,44,56,39,21,100,82,62,Marketing Digital
47,39,52,63,69,90,95,44,42,47,Ciberseguridad
94,48,54,88,96,53,45,69,36,91,Inteligencia Artificial
28,89,56,40,48,36,40,95,97,45,MBA
12,95,58,23,57,40,17,98,87,65,MBA
32,95,50,41,56,35,32,78,83,76,Gestion de Proyectos
93,41,52,92,89,30,41,69,68,96,Inteligencia Artificial
34,86,57,54,86,35,31,69,56,88,Finanzas
47,60,90,45,86,38,32,71,53,76,Investigacion Tecnologica
89,43,68,98,82,60,50,32,57,92,Inteligencia Artificial
50,62,42,29,87,37,14,62,77,87,Finanzas
84,54,55,74,95,50,50,52,57,96,Data Science
11,86,56,43,63,31,16,87,88,65,MBA
41,58,57,78,73,88,76,42,67,68,Redes y Telecomunicaciones
67,67,97,62,92,38,37,65,54,86,Investigacion Tecnologica
16,100,43,45,54,14,34,85,90,56,MBA
39,82,62,31,67,35,23,100,81,78,Marketing Digital
81,55,69,74,88,33,27,60,32,95,Data Science
55,80,53,50,42,34,13,85,83,71,Marketing Digital
58,41,43,97,62,35,68,59,53,78,Desarrollo Software
60,45,58,86,63,66,42,63,58,63,Desarrollo Software
31,60,62,44,87,38,12,50,77,89,Finanzas
78,32,57,91,88,21,43,67,55,86,Data Science
44,51,31,74,68,87,90,46,34,44,Redes y Telecomunicaciones
35,59,56,76,72,87,95,58,59,66,Ciberseguridad
13,92,49,45,72,23,36,95,93,69,MBA
67,49,34,73,67,77,87,55,39,65,Ciberseguridad
12,99,59,47,65,40,34,92,90,50,MBA
68,39,47,94,65,65,58,54,56,57,Desarrollo Software
54,73,68,47,53,23,14,88,72,65,Marketing Digital
75,64,65,86,85,27,23,49,37,96,Data Science
38,30,49,53,40,97,79,50,69,66,Redes y Telecomunicaciones
39,76,39,28,33,38,38,95,82,71,Marketing Digital
87,26,62,98,85,42,36,65,53,82,Inteligencia Artificial
60,49,37,76,59,93,65,40,56,31,Redes y Telecomunicaciones
29,80,44,36,98,15,15,55,67,81,Finanzas
48,83,53,56,55,35,27,75,75,55,Gestion de Proyectos
61,56,61,97,61,37,44,52,48,70,Desarrollo Software
72,61,93,45,87,34,44,64,45,75,Investigacion Tecnologica
56,39,36,98,88,36,41,42,44,69,Desarrollo Software
69,30,66,96,73,38,39,54,40,73,Desarrollo Software
15,100,37,45,73,23,31,94,100,40,MBA
28,89,40,53,88,12,15,59,77,80,Finanzas
69,69,92,63,89,23,32,62,55,70,Investigacion Tecnologica
19,90,52,28,41,35,29,91,85,66,MBA
71,60,74,90,90,40,42,39,45,85,Data Science
45,80,40,20,90,27,24,66,64,76,Finanzas
53,41,46,40,50,100,72,69,57,30,Redes y Telecomunicaciones
52,75,61,47,47,11,34,92,75,50,Marketing Digital
41,90,68,45,48,31,21,70,90,62,Gestion de Proyectos
61,30,58,82,66,89,87,46,33,68,Ciberseguridad
27,97,34,39,60,17,30,83,88,49,MBA
51,31,52,77,79,90,87,45,51,67,Ciberseguridad
86,25,76,87,99,42,37,64,41,87,Inteligencia Artificial
70,50,54,60,45,96,96,49,30,64,Ciberseguridad
30,78,41,43,31,17,17,100,72,54,Marketing Digital
26,95,41,43,48,36,20,87,94,66,MBA
74,45,99,61,87,39,29,74,65,75,Investigacion Tecnologica
78,62,90,75,84,35,46,57,68,65,Investigacion Tecnologica
20,91,50,23,69,38,28,78,91,63,MBA
75,35,64,72,92,33,39,44,54,85,Data Science
88,26,53,91,90,31,67,69,43,91,Inteligencia Artificial
48,33,41,57,59,85,70,54,37,41,Redes y Telecomunicaciones
31,72,40,59,70,17,30,87,84,60,Marketing Digital
83,33,79,86,92,37,30,31,42,86,Data Science
51,47,43,87,84,60,70,62,60,64,Desarrollo Software
65,53,92,77,71,24,41,68,64,63,Investigacion Tecnologica
36,90,36,53,58,24,37,90,73,76,Marketing Digital
39,98,64,33,69,25,33,89,83,73,Gestion de Proyectos
58,53,53,71,55,90,88,33,34,65,Ciberseguridad
63,70,94,47,76,30,31,64,65,80,Investigacion Tecnologica
34,84,39,44,70,16,34,95,70,59,Marketing Digital
35,80,58,53,44,27,36,73,95,78,Gestion de Proyectos
20,83,59,47,85,21,32,50,72,88,Finanzas
41,58,43,58,73,85,80,51,33,41,Redes y Telecomunicaciones
44,71,64,41,88,13,20,76,55,88,Finanzas
60,62,98,66,90,39,31,61,41,67,Investigacion Tecnologica
46,50,31,56,44,83,87,60,43,43,Ciberseguridad
54,45,45,77,77,99,85,57,48,54,Ciberseguridad
52,60,58,36,99,27,33,76,76,92,Finanzas
58,57,40,69,45,93,79,50,60,68,Redes y Telecomunicaciones
46,86,48,27,87,12,12,67,51,95,Finanzas
59,36,39,62,56,99,85,58,35,41,Ciberseguridad
60,54,36,65,44,76,86,34,59,40,Ciberseguridad
60,45,56,56,49,99,81,52,41,56,Redes y Telecomunicaciones
51,81,66,56,91,36,26,58,68,91,Finanzas
52,92,70,63,59,24,41,82,90,58,Gestion de Proyectos
65,54,93,73,80,22,46,60,70,80,Investigacion Tecnologica
51,77,53,21,36,36,33,92,77,70,Marketing Digital
48,98,56,68,42,43,25,78,95,78,Gestion de Proyectos
37,50,43,75,73,100,98,39,36,68,Ciberseguridad
44,55,41,83,51,92,87,31,47,41,Ciberseguridad
69,47,35,85,73,54,58,46,64,56,Desarrollo Software
61,37,52,94,86,45,34,53,41,57,Desarrollo Software
32,98,38,44,69,21,19,95,94,65,MBA
88,48,57,91,80,25,37,66,48,91,Data Science
55,63,91,73,78,47,34,62,45,61,Investigacion Tecnologica
23,83,61,30,33,38,37,98,74,61,Marketing Digital
45,59,95,45,77,43,43,60,65,70,Investigacion Tecnologica
88,52,63,99,94,29,31,37,52,85,Inteligencia Artificial
68,65,97,76,81,32,23,69,51,68,Investigacion Tecnologica
82,59,65,85,98,49,20,42,46,89,Data Science
44,78,66,39,91,11,20,57,68,88,Finanzas
33,54,54,46,61,92,73,47,61,41,Redes y Telecomunicaciones
51,100,57,68,64,31,46,71,95,73,Gestion de Proyectos
42,41,53,73,44,92,97,58,45,59,Ciberseguridad
53,79,70,20,57,14,16,86,84,72,Marketing Digital
40,88,34,42,50,16,12,89,86,48,MBA
56,59,49,92,77,51,34,61,70,78,Desarrollo Software
49,59,95,66,82,35,20,62,67,64,Investigacion Tecnologica
23,99,47,37,73,41,39,79,76,79,Gestion de Proyectos
34,88,41,48,53,47,47,71,78,67,Gestion de Proyectos
42,87,36,11,45,19,19,84,89,50,MBA
38,68,49,36,96,17,33,53,54,93,Finanzas
51,54,57,50,68,95,61,54,57,48,Redes y Telecomunicaciones
57,54,47,76,50,99,77,57,54,60,Redes y Telecomunicaciones
38,100,45,54,59,26,48,89,94,69,Gestion de Proyectos
42,99,52,24,79,12,36,98,85,46,MBA
40,58,53,59,74,93,84,64,57,70,Redes y Telecomunicaciones
46,86,45,17,71,27,34,75,90,65,MBA
50,42,100,70,83,50,22,80,41,81,Investigacion Tecnologica
55,66,93,40,71,49,20,77,68,88,Investigacion Tecnologica
35,36,60,59,79,83,89,60,57,57,Ciberseguridad
58,40,56,64,44,80,97,38,40,51,Ciberseguridad
81,51,80,71,90,32,34,35,51,100,Data Science
27,71,69,58,91,28,20,56,55,95,Finanzas
22,61,66,54,98,10,40,51,75,93,Finanzas
75,41,63,98,69,49,49,68,42,62,Desarrollo Software
10,96,51,37,64,28,28,94,99,53,MBA
60,34,50,92,64,30,42,55,43,75,Desarrollo Software
80,30,52,87,91,22,41,40,50,97,Data Science
35,70,69,23,44,18,25,87,89,76,Marketing Digital
33,90,53,26,46,22,18,81,85,74,MBA
74,61,72,81,86,42,45,55,57,90,Data Science
88,31,69,81,83,53,48,70,70,97,Inteligencia Artificial
24,85,61,28,92,13,31,59,66,87,Finanzas
20,100,58,49,76,24,16,86,96,42,MBA
41,77,63,60,95,31,38,56,58,95,Finanzas
71,67,72,78,91,39,23,63,44,98,Data Science
66,33,69,71,84,49,49,62,50,100,Data Science
31,50,32,79,62,94,76,54,43,50,Redes y Telecomunicaciones
31,85,64,41,51,21,35,87,74,64,Marketing Digital
54,40,70,98,66,69,53,70,67,63,Desarrollo Software
60,49,54,83,77,90,97,39,34,42,Ciberseguridad
94,43,78,81,89,33,64,63,58,90,Inteligencia Artificial
52,76,35,20,46,32,19,97,86,68,Marketing Digital
98,45,64,93,99,52,70,65,41,86,Inteligencia Artificial
92,24,54,89,97,57,67,54,33,87,Inteligencia Artificial
60,84,68,20,100,15,25,71,61,86,Finanzas
24,87,64,45,99,21,17,67,76,94,Finanzas
38,45,51,68,42,91,87,55,36,55,Ciberseguridad
22,92,59,21,47,11,13,96,96,50,MBA
96,31,65,83,82,59,43,43,43,99,Inteligencia Artificial
42,87,43,59,89,26,25,72,65,87,Finanzas
55,55,30,47,65,85,79,70,67,36,Redes y Telecomunicaciones
29,85,52,46,99,39,19,75,65,83,Finanzas
65,48,50,75,58,83,89,44,51,61,Ciberseguridad
32,55,42,78,80,97,89,43,46,44,Ciberseguridad
37,84,63,51,42,27,14,89,78,76,Marketing Digital
77,60,51,85,83,43,47,60,57,70,Desarrollo Software
69,46,80,82,93,28,22,37,46,99,Data Science
31,83,66,41,95,23,38,55,80,82,Finanzas
47,66,98,48,74,26,43,57,60,76,Investigacion Tecnologica
38,100,68,47,51,27,26,69,76,51,Gestion de Proyectos
39,72,59,44,45,35,32,96,71,55,Marketing Digital
78,30,45,94,77,53,68,47,48,53,Desarrollo Software
64,41,63,78,85,32,23,58,38,85,Data Science
42,88,46,27,42,15,37,97,83,50,Marketing Digital
75,46,36,90,69,61,43,64,48,71,Desarrollo Software
20,87,45,29,88,23,38,54,51,88,Finanzas
49,58,53,57,72,75,92,54,31,49,Ciberseguridad
29,87,63,26,88,16,37,57,59,77,Finanzas
57,86,46,43,72,25,47,87,75,69,Gestion de Proyectos
72,40,69,71,96,31,34,70,49,94,Data Science
27,72,31,55,48,37,33,95,78,65,Marketing Digital
57,66,97,59,71,44,50,56,44,74,Investigacion Tecnologica
42,84,69,39,32,33,39,90,90,60,Marketing Digital
42,98,47,45,68,19,26,89,91,52,MBA
46,92,69,58,57,35,20,90,77,64,Gestion de Proyectos
36,93,44,42,65,37,40,92,100,53,MBA
90,37,56,84,90,53,30,54,33,81,Inteligencia Artificial
80,38,74,91,80,34,33,69,48,87,Data Science
31,95,49,34,60,50,44,66,77,66,Gestion de Proyectos
46,30,44,65,59,92,64,62,57,31,Redes y Telecomunicaciones
40,54,53,72,78,97,89,34,45,64,Redes y Telecomunicaciones
58,70,97,64,79,23,31,75,50,71,Investigacion Tecnologica
54,90,35,45,68,40,21,95,79,56,Marketing Digital
10,93,36,44,77,30,38,83,95,61,MBA
86,68,65,81,99,37,39,40,47,100,Data Science
96,26,50,92,85,48,40,61,54,98,Inteligencia Artificial
55,87,65,30,30,27,16,97,86,77,Marketing Digital
54,47,30,41,71,87,82,35,38,48,Redes y Telecomunicaciones
42,71,61,49,36,27,37,92,81,54,Marketing Digital
38,51,40,60,47,86,77,31,60,57,Redes y Telecomunicaciones
98,28,51,87,77,36,49,60,50,85,Inteligencia Artificial
51,49,92,64,80,47,40,59,49,73,Investigacion Tecnologica
98,47,74,86,91,54,60,56,69,92,Inteligencia Artificial
89,59,66,99,93,34,46,48,36,84,Inteligencia Artificial
47,62,64,25,89,25,35,63,76,92,Finanzas
31,91,54,22,61,20,16,78,87,40,MBA
30,72,66,53,96,30,22,50,56,85,Finanzas
25,55,31,54,63,95,80,33,70,66,Redes y Telecomunicaciones
87,37,75,93,89,56,67,61,31,99,Inteligencia Artificial
42,64,54,41,100,31,40,57,50,89,Finanzas
23,80,33,26,31,38,35,93,83,62,Marketing Digital
54,49,100,55,75,46,30,50,61,77,Investigacion Tecnologica
41,82,47,52,44,30,43,90,85,50,Gestion de Proyectos
26,83,66,24,93,36,28,72,76,81,Finanzas
48,34,54,73,80,93,97,51,50,52,Ciberseguridad
47,40,52,51,64,87,87,37,60,69,Ciberseguridad
77,45,32,95,77,36,64,59,67,55,Desarrollo Software
26,95,41,34,52,40,21,99,94,78,MBA
80,43,38,93,68,50,44,66,48,52,Desarrollo Software
43,57,48,53,73,89,87,60,51,53,Ciberseguridad
22,72,61,49,68,16,23,94,71,51,Marketing Digital
70,55,67,94,84,31,58,55,57,76,Desarrollo Software
56,84,48,39,53,47,37,71,86,51,Gestion de Proyectos
44,49,44,44,47,93,79,70,58,70,Redes y Telecomunicaciones
65,52,64,92,86,69,41,49,45,66,Desarrollo Software
44,54,39,73,80,90,93,32,35,42,Ciberseguridad
27,86,34,45,64,10,13,78,86,47,MBA
68,63,98,64,73,37,23,63,68,62,Investigacion Tecnologica
71,45,78,81,86,37,48,68,53,85,Data Science
50,99,51,42,74,11,28,93,93,58,MBA
41,73,39,33,42,22,20,87,86,55,Marketing Digital
83,68,56,74,97,50,42,45,53,91,Data Science
45,96,30,25,71,20,32,76,92,45,MBA
57,54,58,60,49,88,60,47,66,36,Redes y Telecomunicaciones
23,53,59,65,47,92,86,38,64,30,Redes y Telecomunicaciones
33,75,64,43,100,14,13,68,72,94,Finanzas
67,59,53,73,91,31,42,68,41,92,Data Science
23,89,67,52,73,38,35,70,94,78,Gestion de Proyectos
66,59,41,52,59,86,88,43,37,66,Ciberseguridad
77,42,97,47,81,37,40,53,68,86,Investigacion Tecnologica
31,90,37,25,70,24,31,87,89,79,Marketing Digital
95,25,77,96,98,40,43,47,42,90,Inteligencia Artificial
78,59,68,85,82,34,64,60,54,72,Desarrollo Software
22,76,37,40,52,19,15,95,83,70,Marketing Digital
20,96,70,61,59,36,40,80,85,56,Gestion de Proyectos
85,53,72,74,100,20,21,52,56,86,Data Science
49,36,45,49,54,99,64,59,56,30,Redes y Telecomunicaciones
42,98,50,69,43,38,24,77,89,53,Gestion de Proyectos
91,39,65,100,90,47,59,40,59,92,Inteligencia Artificial
51,80,68,23,89,37,35,70,54,79,Finanzas
49,90,52,61,62,31,38,61,81,51,Gestion de Proyectos
20,68,59,47,97,21,32,65,74,85,Finanzas
50,93,48,17,66,21,13,92,85,47,MBA
53,98,44,32,57,20,35,82,84,56,Gestion de Proyectos
81,35,50,88,85,22,25,67,34,86,Data Science
69,66,94,77,89,27,27,79,59,73,Investigacion Tecnologica
27,57,34,40,69,92,64,49,46,64,Redes y Telecomunicaciones
39,73,60,41,100,20,15,67,80,89,Finanzas
46,87,70,56,73,29,49,87,78,51,Gestion de Proyectos
65,36,75,86,82,45,47,66,43,85,Data Science
58,74,53,28,35,13,33,94,82,50,Marketing Digital
38,37,60,78,72,96,79,57,66,48,Redes y Telecomunicaciones
23,97,42,61,77,43,49,71,84,58,Gestion de Proyectos
38,39,50,84,41,92,95,55,51,43,Ciberseguridad
61,30,37,67,40,82,92,55,32,52,Ciberseguridad
63,56,39,57,67,92,96,47,43,67,Ciberseguridad
100,20,53,100,78,50,53,42,56,97,Inteligencia Artificial
80,44,94,41,78,41,26,61,54,81,Investigacion Tecnologica
72,69,92,45,94,43,48,80,61,71,Investigacion Tecnologica
59,42,99,65,92,44,47,61,55,80,Investigacion Tecnologica
87,66,77,82,98,49,34,53,56,100,Data Science
38,95,58,39,55,24,40,65,92,70,Gestion de Proyectos
25,76,50,49,100,17,14,70,75,95,Finanzas
50,34,45,96,81,70,31,45,66,73,Desarrollo Software
26,99,59,46,41,32,13,92,94,50,MBA
23,81,34,24,32,17,35,96,83,77,Marketing Digital
56,40,36,53,77,86,98,30,53,56,Ciberseguridad
100,25,71,87,97,23,55,64,68,89,Inteligencia Artificial
10,99,32,25,49,16,16,87,87,50,MBA
53,38,60,100,81,69,33,67,49,64,Desarrollo Software
55,36,36,53,73,95,69,35,42,32,Redes y Telecomunicaciones
61,62,72,84,98,31,32,52,35,88,Data Science
49,72,48,23,66,32,33,92,86,59,Marketing Digital
54,57,47,88,62,52,46,57,68,75,Desarrollo Software
30,80,56,44,98,14,38,73,67,89,Finanzas
43,78,37,22,31,29,35,86,76,55,Marketing Digital
67,36,73,82,96,24,25,34,55,86,Data Science
35,86,70,35,85,37,15,75,60,93,Finanzas
65,47,94,46,76,29,49,63,46,75,Investigacion Tecnologica
52,49,99,73,82,40,27,76,55,83,Investigacion Tecnologica
70,42,38,98,89,47,48,59,66,53,Desarrollo Software
30,56,40,67,79,95,90,41,31,61,Ciberseguridad
36,96,69,51,68,23,28,84,83,55,Gestion de Proyectos
97,20,70,99,99,28,41,33,44,82,Inteligencia Artificial
34,47,48,63,49,100,94,38,30,64,Ciberseguridad
52,48,30,87,72,46,47,68,66,60,Desarrollo Software
52,88,43,44,49,21,23,96,84,59,Marketing Digital
31,76,31,37,45,38,33,91,87,63,Marketing Digital
31,83,32,23,45,14,25,96,73,62,Marketing Digital
69,58,44,95,83,41,57,65,57,60,Desarrollo Software
58,98,62,70,45,31,37,89,81,73,Gestion de Proyectos
41,32,57,85,61,89,87,42,31,56,Ciberseguridad
21,37,42,67,75,95,78,66,65,67,Redes y Telecomunicaciones
65,57,96,66,77,24,23,69,64,82,Investigacion Tecnologica
32,84,55,68,56,29,32,69,81,75,Gestion de Proyectos
53,46,38,83,79,98,99,58,46,65,Ciberseguridad
28,100,63,50,41,44,46,79,81,78,Gestion de Proyectos
45,44,39,60,75,95,92,40,31,65,Ciberseguridad
41,55,42,56,69,92,95,44,38,51,Ciberseguridad
24,95,52,42,78,17,35,98,93,74,MBA
62,58,54,89,97,21,50,54,33,97,Data Science
43,81,48,66,40,43,49,84,83,59,Gestion de Proyectos
67,60,66,93,89,51,52,67,53,75,Desarrollo Software
44,71,61,57,60,25,19,99,75,62,Marketing Digital
67,57,32,95,78,68,49,57,63,60,Desarrollo Software
24,37,39,62,73,89,84,34,31,56,Redes y Telecomunicaciones
41,78,63,50,98,20,37,64,53,87,Finanzas
69,40,99,64,86,25,43,71,44,81,Investigacion Tecnologica
54,54,31,90,77,59,49,65,46,79,Desarrollo Software
58,41,54,58,73,98,99,37,38,62,Ciberseguridad
32,57,60,57,56,84,98,59,58,52,Ciberseguridad
69,67,57,89,95,42,23,48,60,87,Data Science
77,32,73,80,89,35,46,36,50,87,Data Science
66,54,53,90,80,60,62,55,41,51,Desarrollo Software
51,56,52,59,54,76,93,35,56,69,Ciberseguridad
45,97,50,33,45,37,37,85,89,56,Gestion de Proyectos
87,60,68,83,99,23,55,35,45,86,Inteligencia Artificial
52,35,32,85,81,30,60,44,50,70,Desarrollo Software
77,65,64,70,81,39,27,45,49,98,Data Science
44,89,57,21,80,36,27,96,86,69,MBA
34,68,43,33,90,37,22,60,50,86,Finanzas
17,92,33,24,51,32,25,97,98,68,MBA
93,37,79,82,88,55,39,64,43,95,Inteligencia Artificial
84,55,79,78,100,20,24,57,40,85,Data Science
70,37,32,88,78,48,44,44,47,71,Desarrollo Software
39,63,49,58,92,30,37,53,80,90,Finanzas
58,45,93,48,80,50,28,62,55,69,Investigacion Tecnologica
33,41,57,54,64,86,93,51,34,70,Ciberseguridad
